model,source,base,dataset,N,topk,steering_type,rf_type,pass_rate
OLMo-2-1124-13B-DPO,harmful-long,harmless,harmful-long → harmless,1,0.01,last-token,w_rf,0.02
OLMo-2-1124-13B-DPO,harmful-long,harmless,harmful-long → harmless,1,0.01,last-token,wo_rf,0.02
OLMo-2-1124-13B-DPO,harmful-long,harmless,harmful-long → harmless,1,0.01,mean,w_rf,0.0
OLMo-2-1124-13B-DPO,harmful-long,harmless,harmful-long → harmless,1,0.01,mean,wo_rf,0.0
OLMo-2-1124-13B-DPO,harmful-long,harmless,harmful-long → harmless,1,0.01,positional,w_rf,0.0
OLMo-2-1124-13B-DPO,harmful-long,harmless,harmful-long → harmless,1,0.01,positional,wo_rf,0.0
OLMo-2-1124-13B-DPO,harmful-long,harmless,harmful-long → harmless,1,0.03,last-token,w_rf,0.0
OLMo-2-1124-13B-DPO,harmful-long,harmless,harmful-long → harmless,1,0.03,last-token,wo_rf,0.0
OLMo-2-1124-13B-DPO,harmful-long,harmless,harmful-long → harmless,1,0.03,mean,w_rf,0.0
OLMo-2-1124-13B-DPO,harmful-long,harmless,harmful-long → harmless,1,0.03,mean,wo_rf,0.0
OLMo-2-1124-13B-DPO,harmful-long,harmless,harmful-long → harmless,1,0.03,positional,w_rf,0.0
OLMo-2-1124-13B-DPO,harmful-long,harmless,harmful-long → harmless,1,0.03,positional,wo_rf,0.0
OLMo-2-1124-13B-DPO,harmful-long,harmless,harmful-long → harmless,1,0.05,last-token,w_rf,0.0
OLMo-2-1124-13B-DPO,harmful-long,harmless,harmful-long → harmless,1,0.05,last-token,wo_rf,0.0
OLMo-2-1124-13B-DPO,harmful-long,harmless,harmful-long → harmless,1,0.05,mean,w_rf,0.0
OLMo-2-1124-13B-DPO,harmful-long,harmless,harmful-long → harmless,1,0.05,mean,wo_rf,0.0
OLMo-2-1124-13B-DPO,harmful-long,harmless,harmful-long → harmless,1,0.05,positional,w_rf,0.0
OLMo-2-1124-13B-DPO,harmful-long,harmless,harmful-long → harmless,1,0.05,positional,wo_rf,0.0
OLMo-2-1124-13B-DPO,harmful-long,harmless,harmful-long → harmless,1,0.08,last-token,w_rf,0.0
OLMo-2-1124-13B-DPO,harmful-long,harmless,harmful-long → harmless,1,0.08,last-token,wo_rf,0.0
OLMo-2-1124-13B-DPO,harmful-long,harmless,harmful-long → harmless,1,0.08,mean,w_rf,0.0
OLMo-2-1124-13B-DPO,harmful-long,harmless,harmful-long → harmless,1,0.08,mean,wo_rf,0.0
OLMo-2-1124-13B-DPO,harmful-long,harmless,harmful-long → harmless,1,0.08,positional,w_rf,0.0
OLMo-2-1124-13B-DPO,harmful-long,harmless,harmful-long → harmless,1,0.08,positional,wo_rf,0.0
OLMo-2-1124-13B-DPO,harmful-long,harmless,harmful-long → harmless,1,0.1,last-token,w_rf,0.02
OLMo-2-1124-13B-DPO,harmful-long,harmless,harmful-long → harmless,1,0.1,last-token,wo_rf,0.02
OLMo-2-1124-13B-DPO,harmful-long,harmless,harmful-long → harmless,1,0.1,mean,w_rf,0.04
OLMo-2-1124-13B-DPO,harmful-long,harmless,harmful-long → harmless,1,0.1,mean,wo_rf,0.04
OLMo-2-1124-13B-DPO,harmful-long,harmless,harmful-long → harmless,1,0.1,positional,w_rf,0.0
OLMo-2-1124-13B-DPO,harmful-long,harmless,harmful-long → harmless,1,0.1,positional,wo_rf,0.0
OLMo-2-1124-13B-DPO,harmful-long,harmless,harmful-long → harmless,1,0.5,last-token,w_rf,0.36
OLMo-2-1124-13B-DPO,harmful-long,harmless,harmful-long → harmless,1,0.5,last-token,wo_rf,0.38
OLMo-2-1124-13B-DPO,harmful-long,harmless,harmful-long → harmless,1,0.5,mean,w_rf,0.34
OLMo-2-1124-13B-DPO,harmful-long,harmless,harmful-long → harmless,1,0.5,mean,wo_rf,0.42
OLMo-2-1124-13B-DPO,harmful-long,harmless,harmful-long → harmless,1,0.5,positional,w_rf,0.36
OLMo-2-1124-13B-DPO,harmful-long,harmless,harmful-long → harmless,1,0.5,positional,wo_rf,0.4
OLMo-2-1124-13B-DPO,harmful-long,harmless,harmful-long → harmless,1,1.0,last-token,w_rf,0.6
OLMo-2-1124-13B-DPO,harmful-long,harmless,harmful-long → harmless,1,1.0,last-token,wo_rf,0.74
OLMo-2-1124-13B-DPO,harmful-long,harmless,harmful-long → harmless,1,1.0,mean,w_rf,0.7
OLMo-2-1124-13B-DPO,harmful-long,harmless,harmful-long → harmless,1,1.0,mean,wo_rf,0.88
OLMo-2-1124-13B-DPO,harmful-long,harmless,harmful-long → harmless,1,1.0,positional,w_rf,0.64
OLMo-2-1124-13B-DPO,harmful-long,harmless,harmful-long → harmless,1,1.0,positional,wo_rf,0.74
OLMo-2-1124-13B-DPO,harmful-long,harmless,harmful-long → harmless,3,0.01,last-token,w_rf,0.0
OLMo-2-1124-13B-DPO,harmful-long,harmless,harmful-long → harmless,3,0.01,last-token,wo_rf,0.0
OLMo-2-1124-13B-DPO,harmful-long,harmless,harmful-long → harmless,3,0.01,mean,w_rf,0.0
OLMo-2-1124-13B-DPO,harmful-long,harmless,harmful-long → harmless,3,0.01,mean,wo_rf,0.0
OLMo-2-1124-13B-DPO,harmful-long,harmless,harmful-long → harmless,3,0.01,positional,w_rf,0.0
OLMo-2-1124-13B-DPO,harmful-long,harmless,harmful-long → harmless,3,0.01,positional,wo_rf,0.0
OLMo-2-1124-13B-DPO,harmful-long,harmless,harmful-long → harmless,3,0.03,last-token,w_rf,0.14
OLMo-2-1124-13B-DPO,harmful-long,harmless,harmful-long → harmless,3,0.03,last-token,wo_rf,0.14
OLMo-2-1124-13B-DPO,harmful-long,harmless,harmful-long → harmless,3,0.03,mean,w_rf,0.14
OLMo-2-1124-13B-DPO,harmful-long,harmless,harmful-long → harmless,3,0.03,mean,wo_rf,0.14
OLMo-2-1124-13B-DPO,harmful-long,harmless,harmful-long → harmless,3,0.03,positional,w_rf,0.06
OLMo-2-1124-13B-DPO,harmful-long,harmless,harmful-long → harmless,3,0.03,positional,wo_rf,0.06
OLMo-2-1124-13B-DPO,harmful-long,harmless,harmful-long → harmless,3,0.05,last-token,w_rf,0.28
OLMo-2-1124-13B-DPO,harmful-long,harmless,harmful-long → harmless,3,0.05,last-token,wo_rf,0.28
OLMo-2-1124-13B-DPO,harmful-long,harmless,harmful-long → harmless,3,0.05,mean,w_rf,0.36
OLMo-2-1124-13B-DPO,harmful-long,harmless,harmful-long → harmless,3,0.05,mean,wo_rf,0.4
OLMo-2-1124-13B-DPO,harmful-long,harmless,harmful-long → harmless,3,0.05,positional,w_rf,0.22
OLMo-2-1124-13B-DPO,harmful-long,harmless,harmful-long → harmless,3,0.05,positional,wo_rf,0.22
OLMo-2-1124-13B-DPO,harmful-long,harmless,harmful-long → harmless,3,0.08,last-token,w_rf,0.44
OLMo-2-1124-13B-DPO,harmful-long,harmless,harmful-long → harmless,3,0.08,last-token,wo_rf,0.48
OLMo-2-1124-13B-DPO,harmful-long,harmless,harmful-long → harmless,3,0.08,mean,w_rf,0.5
OLMo-2-1124-13B-DPO,harmful-long,harmless,harmful-long → harmless,3,0.08,mean,wo_rf,0.52
OLMo-2-1124-13B-DPO,harmful-long,harmless,harmful-long → harmless,3,0.08,positional,w_rf,0.36
OLMo-2-1124-13B-DPO,harmful-long,harmless,harmful-long → harmless,3,0.08,positional,wo_rf,0.42
OLMo-2-1124-13B-DPO,harmful-long,harmless,harmful-long → harmless,3,0.1,last-token,w_rf,0.52
OLMo-2-1124-13B-DPO,harmful-long,harmless,harmful-long → harmless,3,0.1,last-token,wo_rf,0.56
OLMo-2-1124-13B-DPO,harmful-long,harmless,harmful-long → harmless,3,0.1,mean,w_rf,0.56
OLMo-2-1124-13B-DPO,harmful-long,harmless,harmful-long → harmless,3,0.1,mean,wo_rf,0.56
OLMo-2-1124-13B-DPO,harmful-long,harmless,harmful-long → harmless,3,0.1,positional,w_rf,0.44
OLMo-2-1124-13B-DPO,harmful-long,harmless,harmful-long → harmless,3,0.1,positional,wo_rf,0.54
OLMo-2-1124-13B-DPO,harmful-long,harmless,harmful-long → harmless,3,0.5,last-token,w_rf,0.64
OLMo-2-1124-13B-DPO,harmful-long,harmless,harmful-long → harmless,3,0.5,last-token,wo_rf,1.0
OLMo-2-1124-13B-DPO,harmful-long,harmless,harmful-long → harmless,3,0.5,mean,w_rf,0.74
OLMo-2-1124-13B-DPO,harmful-long,harmless,harmful-long → harmless,3,0.5,mean,wo_rf,1.0
OLMo-2-1124-13B-DPO,harmful-long,harmless,harmful-long → harmless,3,0.5,positional,w_rf,0.88
OLMo-2-1124-13B-DPO,harmful-long,harmless,harmful-long → harmless,3,0.5,positional,wo_rf,1.0
OLMo-2-1124-13B-DPO,harmful-long,harmless,harmful-long → harmless,3,1.0,last-token,w_rf,0.4
OLMo-2-1124-13B-DPO,harmful-long,harmless,harmful-long → harmless,3,1.0,last-token,wo_rf,0.98
OLMo-2-1124-13B-DPO,harmful-long,harmless,harmful-long → harmless,3,1.0,mean,w_rf,0.36
OLMo-2-1124-13B-DPO,harmful-long,harmless,harmful-long → harmless,3,1.0,mean,wo_rf,0.98
OLMo-2-1124-13B-DPO,harmful-long,harmless,harmful-long → harmless,3,1.0,positional,w_rf,0.64
OLMo-2-1124-13B-DPO,harmful-long,harmless,harmful-long → harmless,3,1.0,positional,wo_rf,1.0
OLMo-2-1124-13B-DPO,harmful-long,harmless,harmful-long → harmless,5,0.01,last-token,w_rf,0.0
OLMo-2-1124-13B-DPO,harmful-long,harmless,harmful-long → harmless,5,0.01,last-token,wo_rf,0.0
OLMo-2-1124-13B-DPO,harmful-long,harmless,harmful-long → harmless,5,0.01,mean,w_rf,0.02
OLMo-2-1124-13B-DPO,harmful-long,harmless,harmful-long → harmless,5,0.01,mean,wo_rf,0.02
OLMo-2-1124-13B-DPO,harmful-long,harmless,harmful-long → harmless,5,0.01,positional,w_rf,0.0
OLMo-2-1124-13B-DPO,harmful-long,harmless,harmful-long → harmless,5,0.01,positional,wo_rf,0.0
OLMo-2-1124-13B-DPO,harmful-long,harmless,harmful-long → harmless,5,0.03,last-token,w_rf,0.32
OLMo-2-1124-13B-DPO,harmful-long,harmless,harmful-long → harmless,5,0.03,last-token,wo_rf,0.4
OLMo-2-1124-13B-DPO,harmful-long,harmless,harmful-long → harmless,5,0.03,mean,w_rf,0.42
OLMo-2-1124-13B-DPO,harmful-long,harmless,harmful-long → harmless,5,0.03,mean,wo_rf,0.44
OLMo-2-1124-13B-DPO,harmful-long,harmless,harmful-long → harmless,5,0.03,positional,w_rf,0.24
OLMo-2-1124-13B-DPO,harmful-long,harmless,harmful-long → harmless,5,0.03,positional,wo_rf,0.24
OLMo-2-1124-13B-DPO,harmful-long,harmless,harmful-long → harmless,5,0.05,last-token,w_rf,0.58
OLMo-2-1124-13B-DPO,harmful-long,harmless,harmful-long → harmless,5,0.05,last-token,wo_rf,0.64
OLMo-2-1124-13B-DPO,harmful-long,harmless,harmful-long → harmless,5,0.05,mean,w_rf,0.68
OLMo-2-1124-13B-DPO,harmful-long,harmless,harmful-long → harmless,5,0.05,mean,wo_rf,0.86
OLMo-2-1124-13B-DPO,harmful-long,harmless,harmful-long → harmless,5,0.05,positional,w_rf,0.54
OLMo-2-1124-13B-DPO,harmful-long,harmless,harmful-long → harmless,5,0.05,positional,wo_rf,0.6
OLMo-2-1124-13B-DPO,harmful-long,harmless,harmful-long → harmless,5,0.08,last-token,w_rf,0.84
OLMo-2-1124-13B-DPO,harmful-long,harmless,harmful-long → harmless,5,0.08,last-token,wo_rf,0.98
OLMo-2-1124-13B-DPO,harmful-long,harmless,harmful-long → harmless,5,0.08,mean,w_rf,0.8
OLMo-2-1124-13B-DPO,harmful-long,harmless,harmful-long → harmless,5,0.08,mean,wo_rf,1.0
OLMo-2-1124-13B-DPO,harmful-long,harmless,harmful-long → harmless,5,0.08,positional,w_rf,0.88
OLMo-2-1124-13B-DPO,harmful-long,harmless,harmful-long → harmless,5,0.08,positional,wo_rf,0.96
OLMo-2-1124-13B-DPO,harmful-long,harmless,harmful-long → harmless,5,0.1,last-token,w_rf,0.78
OLMo-2-1124-13B-DPO,harmful-long,harmless,harmful-long → harmless,5,0.1,last-token,wo_rf,0.98
OLMo-2-1124-13B-DPO,harmful-long,harmless,harmful-long → harmless,5,0.1,mean,w_rf,0.76
OLMo-2-1124-13B-DPO,harmful-long,harmless,harmful-long → harmless,5,0.1,mean,wo_rf,0.98
OLMo-2-1124-13B-DPO,harmful-long,harmless,harmful-long → harmless,5,0.1,positional,w_rf,0.82
OLMo-2-1124-13B-DPO,harmful-long,harmless,harmful-long → harmless,5,0.1,positional,wo_rf,0.98
OLMo-2-1124-13B-DPO,harmful-long,harmless,harmful-long → harmless,5,0.5,last-token,w_rf,0.24
OLMo-2-1124-13B-DPO,harmful-long,harmless,harmful-long → harmless,5,0.5,last-token,wo_rf,0.94
OLMo-2-1124-13B-DPO,harmful-long,harmless,harmful-long → harmless,5,0.5,mean,w_rf,0.0
OLMo-2-1124-13B-DPO,harmful-long,harmless,harmful-long → harmless,5,0.5,mean,wo_rf,0.52
OLMo-2-1124-13B-DPO,harmful-long,harmless,harmful-long → harmless,5,0.5,positional,w_rf,0.7
OLMo-2-1124-13B-DPO,harmful-long,harmless,harmful-long → harmless,5,0.5,positional,wo_rf,1.0
OLMo-2-1124-13B-DPO,harmful-long,harmless,harmful-long → harmless,5,1.0,last-token,w_rf,0.04
OLMo-2-1124-13B-DPO,harmful-long,harmless,harmful-long → harmless,5,1.0,last-token,wo_rf,0.42
OLMo-2-1124-13B-DPO,harmful-long,harmless,harmful-long → harmless,5,1.0,mean,w_rf,0.02
OLMo-2-1124-13B-DPO,harmful-long,harmless,harmful-long → harmless,5,1.0,mean,wo_rf,0.5
OLMo-2-1124-13B-DPO,harmful-long,harmless,harmful-long → harmless,5,1.0,positional,w_rf,0.26
OLMo-2-1124-13B-DPO,harmful-long,harmless,harmful-long → harmless,5,1.0,positional,wo_rf,1.0
OLMo-2-1124-13B-DPO,harmful-long,harmless,harmful-long → harmless,8,0.01,last-token,w_rf,0.08
OLMo-2-1124-13B-DPO,harmful-long,harmless,harmful-long → harmless,8,0.01,last-token,wo_rf,0.08
OLMo-2-1124-13B-DPO,harmful-long,harmless,harmful-long → harmless,8,0.01,mean,w_rf,0.1
OLMo-2-1124-13B-DPO,harmful-long,harmless,harmful-long → harmless,8,0.01,mean,wo_rf,0.1
OLMo-2-1124-13B-DPO,harmful-long,harmless,harmful-long → harmless,8,0.01,positional,w_rf,0.06
OLMo-2-1124-13B-DPO,harmful-long,harmless,harmful-long → harmless,8,0.01,positional,wo_rf,0.06
OLMo-2-1124-13B-DPO,harmful-long,harmless,harmful-long → harmless,8,0.03,last-token,w_rf,0.7
OLMo-2-1124-13B-DPO,harmful-long,harmless,harmful-long → harmless,8,0.03,last-token,wo_rf,0.84
OLMo-2-1124-13B-DPO,harmful-long,harmless,harmful-long → harmless,8,0.03,mean,w_rf,0.72
OLMo-2-1124-13B-DPO,harmful-long,harmless,harmful-long → harmless,8,0.03,mean,wo_rf,0.86
OLMo-2-1124-13B-DPO,harmful-long,harmless,harmful-long → harmless,8,0.03,positional,w_rf,0.54
OLMo-2-1124-13B-DPO,harmful-long,harmless,harmful-long → harmless,8,0.03,positional,wo_rf,0.64
OLMo-2-1124-13B-DPO,harmful-long,harmless,harmful-long → harmless,8,0.05,last-token,w_rf,0.74
OLMo-2-1124-13B-DPO,harmful-long,harmless,harmful-long → harmless,8,0.05,last-token,wo_rf,0.84
OLMo-2-1124-13B-DPO,harmful-long,harmless,harmful-long → harmless,8,0.05,mean,w_rf,0.62
OLMo-2-1124-13B-DPO,harmful-long,harmless,harmful-long → harmless,8,0.05,mean,wo_rf,0.7
OLMo-2-1124-13B-DPO,harmful-long,harmless,harmful-long → harmless,8,0.05,positional,w_rf,0.8
OLMo-2-1124-13B-DPO,harmful-long,harmless,harmful-long → harmless,8,0.05,positional,wo_rf,0.98
OLMo-2-1124-13B-DPO,harmful-long,harmless,harmful-long → harmless,8,0.08,last-token,w_rf,0.64
OLMo-2-1124-13B-DPO,harmful-long,harmless,harmful-long → harmless,8,0.08,last-token,wo_rf,1.0
OLMo-2-1124-13B-DPO,harmful-long,harmless,harmful-long → harmless,8,0.08,mean,w_rf,0.74
OLMo-2-1124-13B-DPO,harmful-long,harmless,harmful-long → harmless,8,0.08,mean,wo_rf,0.9
OLMo-2-1124-13B-DPO,harmful-long,harmless,harmful-long → harmless,8,0.08,positional,w_rf,0.88
OLMo-2-1124-13B-DPO,harmful-long,harmless,harmful-long → harmless,8,0.08,positional,wo_rf,1.0
OLMo-2-1124-13B-DPO,harmful-long,harmless,harmful-long → harmless,8,0.1,last-token,w_rf,0.54
OLMo-2-1124-13B-DPO,harmful-long,harmless,harmful-long → harmless,8,0.1,last-token,wo_rf,0.96
OLMo-2-1124-13B-DPO,harmful-long,harmless,harmful-long → harmless,8,0.1,mean,w_rf,0.82
OLMo-2-1124-13B-DPO,harmful-long,harmless,harmful-long → harmless,8,0.1,mean,wo_rf,0.98
OLMo-2-1124-13B-DPO,harmful-long,harmless,harmful-long → harmless,8,0.1,positional,w_rf,0.8
OLMo-2-1124-13B-DPO,harmful-long,harmless,harmful-long → harmless,8,0.1,positional,wo_rf,1.0
OLMo-2-1124-13B-DPO,harmful-long,harmless,harmful-long → harmless,8,0.5,last-token,w_rf,0.06
OLMo-2-1124-13B-DPO,harmful-long,harmless,harmful-long → harmless,8,0.5,last-token,wo_rf,0.42
OLMo-2-1124-13B-DPO,harmful-long,harmless,harmful-long → harmless,8,0.5,mean,w_rf,0.04
OLMo-2-1124-13B-DPO,harmful-long,harmless,harmful-long → harmless,8,0.5,mean,wo_rf,0.32
OLMo-2-1124-13B-DPO,harmful-long,harmless,harmful-long → harmless,8,0.5,positional,w_rf,0.44
OLMo-2-1124-13B-DPO,harmful-long,harmless,harmful-long → harmless,8,0.5,positional,wo_rf,0.98
OLMo-2-1124-13B-DPO,harmful-long,harmless,harmful-long → harmless,8,1.0,last-token,w_rf,0.02
OLMo-2-1124-13B-DPO,harmful-long,harmless,harmful-long → harmless,8,1.0,last-token,wo_rf,0.58
OLMo-2-1124-13B-DPO,harmful-long,harmless,harmful-long → harmless,8,1.0,mean,w_rf,0.0
OLMo-2-1124-13B-DPO,harmful-long,harmless,harmful-long → harmless,8,1.0,mean,wo_rf,0.46
OLMo-2-1124-13B-DPO,harmful-long,harmless,harmful-long → harmless,8,1.0,positional,w_rf,0.06
OLMo-2-1124-13B-DPO,harmful-long,harmless,harmful-long → harmless,8,1.0,positional,wo_rf,0.94
OLMo-2-1124-13B-DPO,harmful-long,harmless,harmful-long → harmless,10,0.01,last-token,w_rf,0.14
OLMo-2-1124-13B-DPO,harmful-long,harmless,harmful-long → harmless,10,0.01,last-token,wo_rf,0.14
OLMo-2-1124-13B-DPO,harmful-long,harmless,harmful-long → harmless,10,0.01,mean,w_rf,0.2
OLMo-2-1124-13B-DPO,harmful-long,harmless,harmful-long → harmless,10,0.01,mean,wo_rf,0.2
OLMo-2-1124-13B-DPO,harmful-long,harmless,harmful-long → harmless,10,0.01,positional,w_rf,0.12
OLMo-2-1124-13B-DPO,harmful-long,harmless,harmful-long → harmless,10,0.01,positional,wo_rf,0.12
OLMo-2-1124-13B-DPO,harmful-long,harmless,harmful-long → harmless,10,0.03,last-token,w_rf,0.68
OLMo-2-1124-13B-DPO,harmful-long,harmless,harmful-long → harmless,10,0.03,last-token,wo_rf,0.86
OLMo-2-1124-13B-DPO,harmful-long,harmless,harmful-long → harmless,10,0.03,mean,w_rf,0.78
OLMo-2-1124-13B-DPO,harmful-long,harmless,harmful-long → harmless,10,0.03,mean,wo_rf,0.92
OLMo-2-1124-13B-DPO,harmful-long,harmless,harmful-long → harmless,10,0.03,positional,w_rf,0.8
OLMo-2-1124-13B-DPO,harmful-long,harmless,harmful-long → harmless,10,0.03,positional,wo_rf,0.96
OLMo-2-1124-13B-DPO,harmful-long,harmless,harmful-long → harmless,10,0.05,last-token,w_rf,0.7
OLMo-2-1124-13B-DPO,harmful-long,harmless,harmful-long → harmless,10,0.05,last-token,wo_rf,0.76
OLMo-2-1124-13B-DPO,harmful-long,harmless,harmful-long → harmless,10,0.05,mean,w_rf,0.36
OLMo-2-1124-13B-DPO,harmful-long,harmless,harmful-long → harmless,10,0.05,mean,wo_rf,0.4
OLMo-2-1124-13B-DPO,harmful-long,harmless,harmful-long → harmless,10,0.05,positional,w_rf,0.82
OLMo-2-1124-13B-DPO,harmful-long,harmless,harmful-long → harmless,10,0.05,positional,wo_rf,1.0
OLMo-2-1124-13B-DPO,harmful-long,harmless,harmful-long → harmless,10,0.08,last-token,w_rf,0.66
OLMo-2-1124-13B-DPO,harmful-long,harmless,harmful-long → harmless,10,0.08,last-token,wo_rf,1.0
OLMo-2-1124-13B-DPO,harmful-long,harmless,harmful-long → harmless,10,0.08,mean,w_rf,0.54
OLMo-2-1124-13B-DPO,harmful-long,harmless,harmful-long → harmless,10,0.08,mean,wo_rf,0.86
OLMo-2-1124-13B-DPO,harmful-long,harmless,harmful-long → harmless,10,0.08,positional,w_rf,0.9
OLMo-2-1124-13B-DPO,harmful-long,harmless,harmful-long → harmless,10,0.08,positional,wo_rf,1.0
OLMo-2-1124-13B-DPO,harmful-long,harmless,harmful-long → harmless,10,0.1,last-token,w_rf,0.42
OLMo-2-1124-13B-DPO,harmful-long,harmless,harmful-long → harmless,10,0.1,last-token,wo_rf,0.8
OLMo-2-1124-13B-DPO,harmful-long,harmless,harmful-long → harmless,10,0.1,mean,w_rf,0.58
OLMo-2-1124-13B-DPO,harmful-long,harmless,harmful-long → harmless,10,0.1,mean,wo_rf,0.96
OLMo-2-1124-13B-DPO,harmful-long,harmless,harmful-long → harmless,10,0.1,positional,w_rf,0.84
OLMo-2-1124-13B-DPO,harmful-long,harmless,harmful-long → harmless,10,0.1,positional,wo_rf,1.0
OLMo-2-1124-13B-DPO,harmful-long,harmless,harmful-long → harmless,10,0.5,last-token,w_rf,0.06
OLMo-2-1124-13B-DPO,harmful-long,harmless,harmful-long → harmless,10,0.5,last-token,wo_rf,0.4
OLMo-2-1124-13B-DPO,harmful-long,harmless,harmful-long → harmless,10,0.5,mean,w_rf,0.04
OLMo-2-1124-13B-DPO,harmful-long,harmless,harmful-long → harmless,10,0.5,mean,wo_rf,0.36
OLMo-2-1124-13B-DPO,harmful-long,harmless,harmful-long → harmless,10,0.5,positional,w_rf,0.36
OLMo-2-1124-13B-DPO,harmful-long,harmless,harmful-long → harmless,10,0.5,positional,wo_rf,0.96
OLMo-2-1124-13B-DPO,harmful-long,harmless,harmful-long → harmless,10,1.0,last-token,w_rf,0.0
OLMo-2-1124-13B-DPO,harmful-long,harmless,harmful-long → harmless,10,1.0,last-token,wo_rf,0.66
OLMo-2-1124-13B-DPO,harmful-long,harmless,harmful-long → harmless,10,1.0,mean,w_rf,0.0
OLMo-2-1124-13B-DPO,harmful-long,harmless,harmful-long → harmless,10,1.0,mean,wo_rf,0.42
OLMo-2-1124-13B-DPO,harmful-long,harmless,harmful-long → harmless,10,1.0,positional,w_rf,0.06
OLMo-2-1124-13B-DPO,harmful-long,harmless,harmful-long → harmless,10,1.0,positional,wo_rf,0.9
OLMo-2-1124-13B-DPO,paragraph-long,sentence,paragraph-long → sentence,1,0.01,last-token,w_rf,0.16
OLMo-2-1124-13B-DPO,paragraph-long,sentence,paragraph-long → sentence,1,0.01,last-token,wo_rf,0.16
OLMo-2-1124-13B-DPO,paragraph-long,sentence,paragraph-long → sentence,1,0.01,mean,w_rf,0.14
OLMo-2-1124-13B-DPO,paragraph-long,sentence,paragraph-long → sentence,1,0.01,mean,wo_rf,0.14
OLMo-2-1124-13B-DPO,paragraph-long,sentence,paragraph-long → sentence,1,0.01,positional,w_rf,0.16
OLMo-2-1124-13B-DPO,paragraph-long,sentence,paragraph-long → sentence,1,0.01,positional,wo_rf,0.16
OLMo-2-1124-13B-DPO,paragraph-long,sentence,paragraph-long → sentence,1,0.03,last-token,w_rf,0.2
OLMo-2-1124-13B-DPO,paragraph-long,sentence,paragraph-long → sentence,1,0.03,last-token,wo_rf,0.2
OLMo-2-1124-13B-DPO,paragraph-long,sentence,paragraph-long → sentence,1,0.03,mean,w_rf,0.2
OLMo-2-1124-13B-DPO,paragraph-long,sentence,paragraph-long → sentence,1,0.03,mean,wo_rf,0.2
OLMo-2-1124-13B-DPO,paragraph-long,sentence,paragraph-long → sentence,1,0.03,positional,w_rf,0.24
OLMo-2-1124-13B-DPO,paragraph-long,sentence,paragraph-long → sentence,1,0.03,positional,wo_rf,0.24
OLMo-2-1124-13B-DPO,paragraph-long,sentence,paragraph-long → sentence,1,0.05,last-token,w_rf,0.14
OLMo-2-1124-13B-DPO,paragraph-long,sentence,paragraph-long → sentence,1,0.05,last-token,wo_rf,0.14
OLMo-2-1124-13B-DPO,paragraph-long,sentence,paragraph-long → sentence,1,0.05,mean,w_rf,0.2
OLMo-2-1124-13B-DPO,paragraph-long,sentence,paragraph-long → sentence,1,0.05,mean,wo_rf,0.2
OLMo-2-1124-13B-DPO,paragraph-long,sentence,paragraph-long → sentence,1,0.05,positional,w_rf,0.22
OLMo-2-1124-13B-DPO,paragraph-long,sentence,paragraph-long → sentence,1,0.05,positional,wo_rf,0.22
OLMo-2-1124-13B-DPO,paragraph-long,sentence,paragraph-long → sentence,1,0.08,last-token,w_rf,0.16
OLMo-2-1124-13B-DPO,paragraph-long,sentence,paragraph-long → sentence,1,0.08,last-token,wo_rf,0.16
OLMo-2-1124-13B-DPO,paragraph-long,sentence,paragraph-long → sentence,1,0.08,mean,w_rf,0.2
OLMo-2-1124-13B-DPO,paragraph-long,sentence,paragraph-long → sentence,1,0.08,mean,wo_rf,0.2
OLMo-2-1124-13B-DPO,paragraph-long,sentence,paragraph-long → sentence,1,0.08,positional,w_rf,0.2
OLMo-2-1124-13B-DPO,paragraph-long,sentence,paragraph-long → sentence,1,0.08,positional,wo_rf,0.2
OLMo-2-1124-13B-DPO,paragraph-long,sentence,paragraph-long → sentence,1,0.1,last-token,w_rf,0.12
OLMo-2-1124-13B-DPO,paragraph-long,sentence,paragraph-long → sentence,1,0.1,last-token,wo_rf,0.12
OLMo-2-1124-13B-DPO,paragraph-long,sentence,paragraph-long → sentence,1,0.1,mean,w_rf,0.12
OLMo-2-1124-13B-DPO,paragraph-long,sentence,paragraph-long → sentence,1,0.1,mean,wo_rf,0.12
OLMo-2-1124-13B-DPO,paragraph-long,sentence,paragraph-long → sentence,1,0.1,positional,w_rf,0.2
OLMo-2-1124-13B-DPO,paragraph-long,sentence,paragraph-long → sentence,1,0.1,positional,wo_rf,0.2
OLMo-2-1124-13B-DPO,paragraph-long,sentence,paragraph-long → sentence,1,0.5,last-token,w_rf,0.08
OLMo-2-1124-13B-DPO,paragraph-long,sentence,paragraph-long → sentence,1,0.5,last-token,wo_rf,0.08
OLMo-2-1124-13B-DPO,paragraph-long,sentence,paragraph-long → sentence,1,0.5,mean,w_rf,0.14
OLMo-2-1124-13B-DPO,paragraph-long,sentence,paragraph-long → sentence,1,0.5,mean,wo_rf,0.14
OLMo-2-1124-13B-DPO,paragraph-long,sentence,paragraph-long → sentence,1,0.5,positional,w_rf,0.1
OLMo-2-1124-13B-DPO,paragraph-long,sentence,paragraph-long → sentence,1,0.5,positional,wo_rf,0.1
OLMo-2-1124-13B-DPO,paragraph-long,sentence,paragraph-long → sentence,1,1.0,last-token,w_rf,0.02
OLMo-2-1124-13B-DPO,paragraph-long,sentence,paragraph-long → sentence,1,1.0,last-token,wo_rf,0.02
OLMo-2-1124-13B-DPO,paragraph-long,sentence,paragraph-long → sentence,1,1.0,mean,w_rf,0.02
OLMo-2-1124-13B-DPO,paragraph-long,sentence,paragraph-long → sentence,1,1.0,mean,wo_rf,0.02
OLMo-2-1124-13B-DPO,paragraph-long,sentence,paragraph-long → sentence,1,1.0,positional,w_rf,0.0
OLMo-2-1124-13B-DPO,paragraph-long,sentence,paragraph-long → sentence,1,1.0,positional,wo_rf,0.0
OLMo-2-1124-13B-DPO,paragraph-long,sentence,paragraph-long → sentence,3,0.01,last-token,w_rf,0.24
OLMo-2-1124-13B-DPO,paragraph-long,sentence,paragraph-long → sentence,3,0.01,last-token,wo_rf,0.24
OLMo-2-1124-13B-DPO,paragraph-long,sentence,paragraph-long → sentence,3,0.01,mean,w_rf,0.32
OLMo-2-1124-13B-DPO,paragraph-long,sentence,paragraph-long → sentence,3,0.01,mean,wo_rf,0.32
OLMo-2-1124-13B-DPO,paragraph-long,sentence,paragraph-long → sentence,3,0.01,positional,w_rf,0.22
OLMo-2-1124-13B-DPO,paragraph-long,sentence,paragraph-long → sentence,3,0.01,positional,wo_rf,0.22
OLMo-2-1124-13B-DPO,paragraph-long,sentence,paragraph-long → sentence,3,0.03,last-token,w_rf,0.12
OLMo-2-1124-13B-DPO,paragraph-long,sentence,paragraph-long → sentence,3,0.03,last-token,wo_rf,0.12
OLMo-2-1124-13B-DPO,paragraph-long,sentence,paragraph-long → sentence,3,0.03,mean,w_rf,0.14
OLMo-2-1124-13B-DPO,paragraph-long,sentence,paragraph-long → sentence,3,0.03,mean,wo_rf,0.14
OLMo-2-1124-13B-DPO,paragraph-long,sentence,paragraph-long → sentence,3,0.03,positional,w_rf,0.12
OLMo-2-1124-13B-DPO,paragraph-long,sentence,paragraph-long → sentence,3,0.03,positional,wo_rf,0.12
OLMo-2-1124-13B-DPO,paragraph-long,sentence,paragraph-long → sentence,3,0.05,last-token,w_rf,0.14
OLMo-2-1124-13B-DPO,paragraph-long,sentence,paragraph-long → sentence,3,0.05,last-token,wo_rf,0.14
OLMo-2-1124-13B-DPO,paragraph-long,sentence,paragraph-long → sentence,3,0.05,mean,w_rf,0.06
OLMo-2-1124-13B-DPO,paragraph-long,sentence,paragraph-long → sentence,3,0.05,mean,wo_rf,0.06
OLMo-2-1124-13B-DPO,paragraph-long,sentence,paragraph-long → sentence,3,0.05,positional,w_rf,0.08
OLMo-2-1124-13B-DPO,paragraph-long,sentence,paragraph-long → sentence,3,0.05,positional,wo_rf,0.08
OLMo-2-1124-13B-DPO,paragraph-long,sentence,paragraph-long → sentence,3,0.08,last-token,w_rf,0.12
OLMo-2-1124-13B-DPO,paragraph-long,sentence,paragraph-long → sentence,3,0.08,last-token,wo_rf,0.12
OLMo-2-1124-13B-DPO,paragraph-long,sentence,paragraph-long → sentence,3,0.08,mean,w_rf,0.12
OLMo-2-1124-13B-DPO,paragraph-long,sentence,paragraph-long → sentence,3,0.08,mean,wo_rf,0.12
OLMo-2-1124-13B-DPO,paragraph-long,sentence,paragraph-long → sentence,3,0.08,positional,w_rf,0.1
OLMo-2-1124-13B-DPO,paragraph-long,sentence,paragraph-long → sentence,3,0.08,positional,wo_rf,0.1
OLMo-2-1124-13B-DPO,paragraph-long,sentence,paragraph-long → sentence,3,0.1,last-token,w_rf,0.08
OLMo-2-1124-13B-DPO,paragraph-long,sentence,paragraph-long → sentence,3,0.1,last-token,wo_rf,0.08
OLMo-2-1124-13B-DPO,paragraph-long,sentence,paragraph-long → sentence,3,0.1,mean,w_rf,0.1
OLMo-2-1124-13B-DPO,paragraph-long,sentence,paragraph-long → sentence,3,0.1,mean,wo_rf,0.1
OLMo-2-1124-13B-DPO,paragraph-long,sentence,paragraph-long → sentence,3,0.1,positional,w_rf,0.04
OLMo-2-1124-13B-DPO,paragraph-long,sentence,paragraph-long → sentence,3,0.1,positional,wo_rf,0.04
OLMo-2-1124-13B-DPO,paragraph-long,sentence,paragraph-long → sentence,3,0.5,last-token,w_rf,0.1
OLMo-2-1124-13B-DPO,paragraph-long,sentence,paragraph-long → sentence,3,0.5,last-token,wo_rf,0.1
OLMo-2-1124-13B-DPO,paragraph-long,sentence,paragraph-long → sentence,3,0.5,mean,w_rf,0.14
OLMo-2-1124-13B-DPO,paragraph-long,sentence,paragraph-long → sentence,3,0.5,mean,wo_rf,0.14
OLMo-2-1124-13B-DPO,paragraph-long,sentence,paragraph-long → sentence,3,0.5,positional,w_rf,0.1
OLMo-2-1124-13B-DPO,paragraph-long,sentence,paragraph-long → sentence,3,0.5,positional,wo_rf,0.1
OLMo-2-1124-13B-DPO,paragraph-long,sentence,paragraph-long → sentence,3,1.0,last-token,w_rf,0.18
OLMo-2-1124-13B-DPO,paragraph-long,sentence,paragraph-long → sentence,3,1.0,last-token,wo_rf,0.22
OLMo-2-1124-13B-DPO,paragraph-long,sentence,paragraph-long → sentence,3,1.0,mean,w_rf,0.0
OLMo-2-1124-13B-DPO,paragraph-long,sentence,paragraph-long → sentence,3,1.0,mean,wo_rf,0.0
OLMo-2-1124-13B-DPO,paragraph-long,sentence,paragraph-long → sentence,3,1.0,positional,w_rf,0.0
OLMo-2-1124-13B-DPO,paragraph-long,sentence,paragraph-long → sentence,3,1.0,positional,wo_rf,0.0
OLMo-2-1124-13B-DPO,paragraph-long,sentence,paragraph-long → sentence,5,0.01,last-token,w_rf,0.2
OLMo-2-1124-13B-DPO,paragraph-long,sentence,paragraph-long → sentence,5,0.01,last-token,wo_rf,0.2
OLMo-2-1124-13B-DPO,paragraph-long,sentence,paragraph-long → sentence,5,0.01,mean,w_rf,0.42
OLMo-2-1124-13B-DPO,paragraph-long,sentence,paragraph-long → sentence,5,0.01,mean,wo_rf,0.42
OLMo-2-1124-13B-DPO,paragraph-long,sentence,paragraph-long → sentence,5,0.01,positional,w_rf,0.36
OLMo-2-1124-13B-DPO,paragraph-long,sentence,paragraph-long → sentence,5,0.01,positional,wo_rf,0.36
OLMo-2-1124-13B-DPO,paragraph-long,sentence,paragraph-long → sentence,5,0.03,last-token,w_rf,0.04
OLMo-2-1124-13B-DPO,paragraph-long,sentence,paragraph-long → sentence,5,0.03,last-token,wo_rf,0.04
OLMo-2-1124-13B-DPO,paragraph-long,sentence,paragraph-long → sentence,5,0.03,mean,w_rf,0.14
OLMo-2-1124-13B-DPO,paragraph-long,sentence,paragraph-long → sentence,5,0.03,mean,wo_rf,0.14
OLMo-2-1124-13B-DPO,paragraph-long,sentence,paragraph-long → sentence,5,0.03,positional,w_rf,0.04
OLMo-2-1124-13B-DPO,paragraph-long,sentence,paragraph-long → sentence,5,0.03,positional,wo_rf,0.04
OLMo-2-1124-13B-DPO,paragraph-long,sentence,paragraph-long → sentence,5,0.05,last-token,w_rf,0.08
OLMo-2-1124-13B-DPO,paragraph-long,sentence,paragraph-long → sentence,5,0.05,last-token,wo_rf,0.08
OLMo-2-1124-13B-DPO,paragraph-long,sentence,paragraph-long → sentence,5,0.05,mean,w_rf,0.08
OLMo-2-1124-13B-DPO,paragraph-long,sentence,paragraph-long → sentence,5,0.05,mean,wo_rf,0.08
OLMo-2-1124-13B-DPO,paragraph-long,sentence,paragraph-long → sentence,5,0.05,positional,w_rf,0.06
OLMo-2-1124-13B-DPO,paragraph-long,sentence,paragraph-long → sentence,5,0.05,positional,wo_rf,0.06
OLMo-2-1124-13B-DPO,paragraph-long,sentence,paragraph-long → sentence,5,0.08,last-token,w_rf,0.12
OLMo-2-1124-13B-DPO,paragraph-long,sentence,paragraph-long → sentence,5,0.08,last-token,wo_rf,0.12
OLMo-2-1124-13B-DPO,paragraph-long,sentence,paragraph-long → sentence,5,0.08,mean,w_rf,0.12
OLMo-2-1124-13B-DPO,paragraph-long,sentence,paragraph-long → sentence,5,0.08,mean,wo_rf,0.12
OLMo-2-1124-13B-DPO,paragraph-long,sentence,paragraph-long → sentence,5,0.08,positional,w_rf,0.04
OLMo-2-1124-13B-DPO,paragraph-long,sentence,paragraph-long → sentence,5,0.08,positional,wo_rf,0.04
OLMo-2-1124-13B-DPO,paragraph-long,sentence,paragraph-long → sentence,5,0.1,last-token,w_rf,0.1
OLMo-2-1124-13B-DPO,paragraph-long,sentence,paragraph-long → sentence,5,0.1,last-token,wo_rf,0.1
OLMo-2-1124-13B-DPO,paragraph-long,sentence,paragraph-long → sentence,5,0.1,mean,w_rf,0.08
OLMo-2-1124-13B-DPO,paragraph-long,sentence,paragraph-long → sentence,5,0.1,mean,wo_rf,0.08
OLMo-2-1124-13B-DPO,paragraph-long,sentence,paragraph-long → sentence,5,0.1,positional,w_rf,0.02
OLMo-2-1124-13B-DPO,paragraph-long,sentence,paragraph-long → sentence,5,0.1,positional,wo_rf,0.02
OLMo-2-1124-13B-DPO,paragraph-long,sentence,paragraph-long → sentence,5,0.5,last-token,w_rf,0.08
OLMo-2-1124-13B-DPO,paragraph-long,sentence,paragraph-long → sentence,5,0.5,last-token,wo_rf,0.08
OLMo-2-1124-13B-DPO,paragraph-long,sentence,paragraph-long → sentence,5,0.5,mean,w_rf,0.0
OLMo-2-1124-13B-DPO,paragraph-long,sentence,paragraph-long → sentence,5,0.5,mean,wo_rf,0.0
OLMo-2-1124-13B-DPO,paragraph-long,sentence,paragraph-long → sentence,5,0.5,positional,w_rf,0.02
OLMo-2-1124-13B-DPO,paragraph-long,sentence,paragraph-long → sentence,5,0.5,positional,wo_rf,0.02
OLMo-2-1124-13B-DPO,paragraph-long,sentence,paragraph-long → sentence,5,1.0,last-token,w_rf,0.04
OLMo-2-1124-13B-DPO,paragraph-long,sentence,paragraph-long → sentence,5,1.0,last-token,wo_rf,0.16
OLMo-2-1124-13B-DPO,paragraph-long,sentence,paragraph-long → sentence,5,1.0,mean,w_rf,0.02
OLMo-2-1124-13B-DPO,paragraph-long,sentence,paragraph-long → sentence,5,1.0,mean,wo_rf,0.08
OLMo-2-1124-13B-DPO,paragraph-long,sentence,paragraph-long → sentence,5,1.0,positional,w_rf,0.0
OLMo-2-1124-13B-DPO,paragraph-long,sentence,paragraph-long → sentence,5,1.0,positional,wo_rf,0.0
OLMo-2-1124-13B-DPO,paragraph-long,sentence,paragraph-long → sentence,8,0.01,last-token,w_rf,0.24
OLMo-2-1124-13B-DPO,paragraph-long,sentence,paragraph-long → sentence,8,0.01,last-token,wo_rf,0.24
OLMo-2-1124-13B-DPO,paragraph-long,sentence,paragraph-long → sentence,8,0.01,mean,w_rf,0.42
OLMo-2-1124-13B-DPO,paragraph-long,sentence,paragraph-long → sentence,8,0.01,mean,wo_rf,0.42
OLMo-2-1124-13B-DPO,paragraph-long,sentence,paragraph-long → sentence,8,0.01,positional,w_rf,0.3
OLMo-2-1124-13B-DPO,paragraph-long,sentence,paragraph-long → sentence,8,0.01,positional,wo_rf,0.3
OLMo-2-1124-13B-DPO,paragraph-long,sentence,paragraph-long → sentence,8,0.03,last-token,w_rf,0.06
OLMo-2-1124-13B-DPO,paragraph-long,sentence,paragraph-long → sentence,8,0.03,last-token,wo_rf,0.06
OLMo-2-1124-13B-DPO,paragraph-long,sentence,paragraph-long → sentence,8,0.03,mean,w_rf,0.12
OLMo-2-1124-13B-DPO,paragraph-long,sentence,paragraph-long → sentence,8,0.03,mean,wo_rf,0.12
OLMo-2-1124-13B-DPO,paragraph-long,sentence,paragraph-long → sentence,8,0.03,positional,w_rf,0.12
OLMo-2-1124-13B-DPO,paragraph-long,sentence,paragraph-long → sentence,8,0.03,positional,wo_rf,0.12
OLMo-2-1124-13B-DPO,paragraph-long,sentence,paragraph-long → sentence,8,0.05,last-token,w_rf,0.06
OLMo-2-1124-13B-DPO,paragraph-long,sentence,paragraph-long → sentence,8,0.05,last-token,wo_rf,0.06
OLMo-2-1124-13B-DPO,paragraph-long,sentence,paragraph-long → sentence,8,0.05,mean,w_rf,0.04
OLMo-2-1124-13B-DPO,paragraph-long,sentence,paragraph-long → sentence,8,0.05,mean,wo_rf,0.04
OLMo-2-1124-13B-DPO,paragraph-long,sentence,paragraph-long → sentence,8,0.05,positional,w_rf,0.02
OLMo-2-1124-13B-DPO,paragraph-long,sentence,paragraph-long → sentence,8,0.05,positional,wo_rf,0.02
OLMo-2-1124-13B-DPO,paragraph-long,sentence,paragraph-long → sentence,8,0.08,last-token,w_rf,0.12
OLMo-2-1124-13B-DPO,paragraph-long,sentence,paragraph-long → sentence,8,0.08,last-token,wo_rf,0.12
OLMo-2-1124-13B-DPO,paragraph-long,sentence,paragraph-long → sentence,8,0.08,mean,w_rf,0.1
OLMo-2-1124-13B-DPO,paragraph-long,sentence,paragraph-long → sentence,8,0.08,mean,wo_rf,0.1
OLMo-2-1124-13B-DPO,paragraph-long,sentence,paragraph-long → sentence,8,0.08,positional,w_rf,0.04
OLMo-2-1124-13B-DPO,paragraph-long,sentence,paragraph-long → sentence,8,0.08,positional,wo_rf,0.04
OLMo-2-1124-13B-DPO,paragraph-long,sentence,paragraph-long → sentence,8,0.1,last-token,w_rf,0.16
OLMo-2-1124-13B-DPO,paragraph-long,sentence,paragraph-long → sentence,8,0.1,last-token,wo_rf,0.16
OLMo-2-1124-13B-DPO,paragraph-long,sentence,paragraph-long → sentence,8,0.1,mean,w_rf,0.2
OLMo-2-1124-13B-DPO,paragraph-long,sentence,paragraph-long → sentence,8,0.1,mean,wo_rf,0.2
OLMo-2-1124-13B-DPO,paragraph-long,sentence,paragraph-long → sentence,8,0.1,positional,w_rf,0.12
OLMo-2-1124-13B-DPO,paragraph-long,sentence,paragraph-long → sentence,8,0.1,positional,wo_rf,0.12
OLMo-2-1124-13B-DPO,paragraph-long,sentence,paragraph-long → sentence,8,0.5,last-token,w_rf,0.04
OLMo-2-1124-13B-DPO,paragraph-long,sentence,paragraph-long → sentence,8,0.5,last-token,wo_rf,0.12
OLMo-2-1124-13B-DPO,paragraph-long,sentence,paragraph-long → sentence,8,0.5,mean,w_rf,0.04
OLMo-2-1124-13B-DPO,paragraph-long,sentence,paragraph-long → sentence,8,0.5,mean,wo_rf,0.1
OLMo-2-1124-13B-DPO,paragraph-long,sentence,paragraph-long → sentence,8,0.5,positional,w_rf,0.0
OLMo-2-1124-13B-DPO,paragraph-long,sentence,paragraph-long → sentence,8,0.5,positional,wo_rf,0.14
OLMo-2-1124-13B-DPO,paragraph-long,sentence,paragraph-long → sentence,8,1.0,last-token,w_rf,0.02
OLMo-2-1124-13B-DPO,paragraph-long,sentence,paragraph-long → sentence,8,1.0,last-token,wo_rf,0.12
OLMo-2-1124-13B-DPO,paragraph-long,sentence,paragraph-long → sentence,8,1.0,mean,w_rf,0.0
OLMo-2-1124-13B-DPO,paragraph-long,sentence,paragraph-long → sentence,8,1.0,mean,wo_rf,0.08
OLMo-2-1124-13B-DPO,paragraph-long,sentence,paragraph-long → sentence,8,1.0,positional,w_rf,0.0
OLMo-2-1124-13B-DPO,paragraph-long,sentence,paragraph-long → sentence,8,1.0,positional,wo_rf,0.02
OLMo-2-1124-13B-DPO,paragraph-long,sentence,paragraph-long → sentence,10,0.01,last-token,w_rf,0.3
OLMo-2-1124-13B-DPO,paragraph-long,sentence,paragraph-long → sentence,10,0.01,last-token,wo_rf,0.3
OLMo-2-1124-13B-DPO,paragraph-long,sentence,paragraph-long → sentence,10,0.01,mean,w_rf,0.32
OLMo-2-1124-13B-DPO,paragraph-long,sentence,paragraph-long → sentence,10,0.01,mean,wo_rf,0.32
OLMo-2-1124-13B-DPO,paragraph-long,sentence,paragraph-long → sentence,10,0.01,positional,w_rf,0.34
OLMo-2-1124-13B-DPO,paragraph-long,sentence,paragraph-long → sentence,10,0.01,positional,wo_rf,0.34
OLMo-2-1124-13B-DPO,paragraph-long,sentence,paragraph-long → sentence,10,0.03,last-token,w_rf,0.06
OLMo-2-1124-13B-DPO,paragraph-long,sentence,paragraph-long → sentence,10,0.03,last-token,wo_rf,0.06
OLMo-2-1124-13B-DPO,paragraph-long,sentence,paragraph-long → sentence,10,0.03,mean,w_rf,0.14
OLMo-2-1124-13B-DPO,paragraph-long,sentence,paragraph-long → sentence,10,0.03,mean,wo_rf,0.14
OLMo-2-1124-13B-DPO,paragraph-long,sentence,paragraph-long → sentence,10,0.03,positional,w_rf,0.12
OLMo-2-1124-13B-DPO,paragraph-long,sentence,paragraph-long → sentence,10,0.03,positional,wo_rf,0.12
OLMo-2-1124-13B-DPO,paragraph-long,sentence,paragraph-long → sentence,10,0.05,last-token,w_rf,0.08
OLMo-2-1124-13B-DPO,paragraph-long,sentence,paragraph-long → sentence,10,0.05,last-token,wo_rf,0.08
OLMo-2-1124-13B-DPO,paragraph-long,sentence,paragraph-long → sentence,10,0.05,mean,w_rf,0.12
OLMo-2-1124-13B-DPO,paragraph-long,sentence,paragraph-long → sentence,10,0.05,mean,wo_rf,0.12
OLMo-2-1124-13B-DPO,paragraph-long,sentence,paragraph-long → sentence,10,0.05,positional,w_rf,0.02
OLMo-2-1124-13B-DPO,paragraph-long,sentence,paragraph-long → sentence,10,0.05,positional,wo_rf,0.02
OLMo-2-1124-13B-DPO,paragraph-long,sentence,paragraph-long → sentence,10,0.08,last-token,w_rf,0.2
OLMo-2-1124-13B-DPO,paragraph-long,sentence,paragraph-long → sentence,10,0.08,last-token,wo_rf,0.2
OLMo-2-1124-13B-DPO,paragraph-long,sentence,paragraph-long → sentence,10,0.08,mean,w_rf,0.12
OLMo-2-1124-13B-DPO,paragraph-long,sentence,paragraph-long → sentence,10,0.08,mean,wo_rf,0.14
OLMo-2-1124-13B-DPO,paragraph-long,sentence,paragraph-long → sentence,10,0.08,positional,w_rf,0.06
OLMo-2-1124-13B-DPO,paragraph-long,sentence,paragraph-long → sentence,10,0.08,positional,wo_rf,0.06
OLMo-2-1124-13B-DPO,paragraph-long,sentence,paragraph-long → sentence,10,0.1,last-token,w_rf,0.2
OLMo-2-1124-13B-DPO,paragraph-long,sentence,paragraph-long → sentence,10,0.1,last-token,wo_rf,0.2
OLMo-2-1124-13B-DPO,paragraph-long,sentence,paragraph-long → sentence,10,0.1,mean,w_rf,0.2
OLMo-2-1124-13B-DPO,paragraph-long,sentence,paragraph-long → sentence,10,0.1,mean,wo_rf,0.22
OLMo-2-1124-13B-DPO,paragraph-long,sentence,paragraph-long → sentence,10,0.1,positional,w_rf,0.08
OLMo-2-1124-13B-DPO,paragraph-long,sentence,paragraph-long → sentence,10,0.1,positional,wo_rf,0.08
OLMo-2-1124-13B-DPO,paragraph-long,sentence,paragraph-long → sentence,10,0.5,last-token,w_rf,0.02
OLMo-2-1124-13B-DPO,paragraph-long,sentence,paragraph-long → sentence,10,0.5,last-token,wo_rf,0.1
OLMo-2-1124-13B-DPO,paragraph-long,sentence,paragraph-long → sentence,10,0.5,mean,w_rf,0.02
OLMo-2-1124-13B-DPO,paragraph-long,sentence,paragraph-long → sentence,10,0.5,mean,wo_rf,0.1
OLMo-2-1124-13B-DPO,paragraph-long,sentence,paragraph-long → sentence,10,0.5,positional,w_rf,0.0
OLMo-2-1124-13B-DPO,paragraph-long,sentence,paragraph-long → sentence,10,0.5,positional,wo_rf,0.06
OLMo-2-1124-13B-DPO,paragraph-long,sentence,paragraph-long → sentence,10,1.0,last-token,w_rf,0.0
OLMo-2-1124-13B-DPO,paragraph-long,sentence,paragraph-long → sentence,10,1.0,last-token,wo_rf,0.02
OLMo-2-1124-13B-DPO,paragraph-long,sentence,paragraph-long → sentence,10,1.0,mean,w_rf,0.0
OLMo-2-1124-13B-DPO,paragraph-long,sentence,paragraph-long → sentence,10,1.0,mean,wo_rf,0.02
OLMo-2-1124-13B-DPO,paragraph-long,sentence,paragraph-long → sentence,10,1.0,positional,w_rf,0.0
OLMo-2-1124-13B-DPO,paragraph-long,sentence,paragraph-long → sentence,10,1.0,positional,wo_rf,0.04
OLMo-2-1124-13B-DPO,sycophancy-long,non-sycophantic,sycophancy-long → non-sycophantic,1,0.01,last-token,w_rf,0.04
OLMo-2-1124-13B-DPO,sycophancy-long,non-sycophantic,sycophancy-long → non-sycophantic,1,0.01,last-token,wo_rf,0.04
OLMo-2-1124-13B-DPO,sycophancy-long,non-sycophantic,sycophancy-long → non-sycophantic,1,0.01,mean,w_rf,0.04
OLMo-2-1124-13B-DPO,sycophancy-long,non-sycophantic,sycophancy-long → non-sycophantic,1,0.01,mean,wo_rf,0.04
OLMo-2-1124-13B-DPO,sycophancy-long,non-sycophantic,sycophancy-long → non-sycophantic,1,0.01,positional,w_rf,0.04
OLMo-2-1124-13B-DPO,sycophancy-long,non-sycophantic,sycophancy-long → non-sycophantic,1,0.01,positional,wo_rf,0.04
OLMo-2-1124-13B-DPO,sycophancy-long,non-sycophantic,sycophancy-long → non-sycophantic,1,0.03,last-token,w_rf,0.04
OLMo-2-1124-13B-DPO,sycophancy-long,non-sycophantic,sycophancy-long → non-sycophantic,1,0.03,last-token,wo_rf,0.04
OLMo-2-1124-13B-DPO,sycophancy-long,non-sycophantic,sycophancy-long → non-sycophantic,1,0.03,mean,w_rf,0.02
OLMo-2-1124-13B-DPO,sycophancy-long,non-sycophantic,sycophancy-long → non-sycophantic,1,0.03,mean,wo_rf,0.02
OLMo-2-1124-13B-DPO,sycophancy-long,non-sycophantic,sycophancy-long → non-sycophantic,1,0.03,positional,w_rf,0.06
OLMo-2-1124-13B-DPO,sycophancy-long,non-sycophantic,sycophancy-long → non-sycophantic,1,0.03,positional,wo_rf,0.06
OLMo-2-1124-13B-DPO,sycophancy-long,non-sycophantic,sycophancy-long → non-sycophantic,1,0.05,last-token,w_rf,0.04
OLMo-2-1124-13B-DPO,sycophancy-long,non-sycophantic,sycophancy-long → non-sycophantic,1,0.05,last-token,wo_rf,0.04
OLMo-2-1124-13B-DPO,sycophancy-long,non-sycophantic,sycophancy-long → non-sycophantic,1,0.05,mean,w_rf,0.06
OLMo-2-1124-13B-DPO,sycophancy-long,non-sycophantic,sycophancy-long → non-sycophantic,1,0.05,mean,wo_rf,0.06
OLMo-2-1124-13B-DPO,sycophancy-long,non-sycophantic,sycophancy-long → non-sycophantic,1,0.05,positional,w_rf,0.08
OLMo-2-1124-13B-DPO,sycophancy-long,non-sycophantic,sycophancy-long → non-sycophantic,1,0.05,positional,wo_rf,0.08
OLMo-2-1124-13B-DPO,sycophancy-long,non-sycophantic,sycophancy-long → non-sycophantic,1,0.08,last-token,w_rf,0.04
OLMo-2-1124-13B-DPO,sycophancy-long,non-sycophantic,sycophancy-long → non-sycophantic,1,0.08,last-token,wo_rf,0.04
OLMo-2-1124-13B-DPO,sycophancy-long,non-sycophantic,sycophancy-long → non-sycophantic,1,0.08,mean,w_rf,0.04
OLMo-2-1124-13B-DPO,sycophancy-long,non-sycophantic,sycophancy-long → non-sycophantic,1,0.08,mean,wo_rf,0.04
OLMo-2-1124-13B-DPO,sycophancy-long,non-sycophantic,sycophancy-long → non-sycophantic,1,0.08,positional,w_rf,0.06
OLMo-2-1124-13B-DPO,sycophancy-long,non-sycophantic,sycophancy-long → non-sycophantic,1,0.08,positional,wo_rf,0.06
OLMo-2-1124-13B-DPO,sycophancy-long,non-sycophantic,sycophancy-long → non-sycophantic,1,0.1,last-token,w_rf,0.02
OLMo-2-1124-13B-DPO,sycophancy-long,non-sycophantic,sycophancy-long → non-sycophantic,1,0.1,last-token,wo_rf,0.02
OLMo-2-1124-13B-DPO,sycophancy-long,non-sycophantic,sycophancy-long → non-sycophantic,1,0.1,mean,w_rf,0.02
OLMo-2-1124-13B-DPO,sycophancy-long,non-sycophantic,sycophancy-long → non-sycophantic,1,0.1,mean,wo_rf,0.02
OLMo-2-1124-13B-DPO,sycophancy-long,non-sycophantic,sycophancy-long → non-sycophantic,1,0.1,positional,w_rf,0.04
OLMo-2-1124-13B-DPO,sycophancy-long,non-sycophantic,sycophancy-long → non-sycophantic,1,0.1,positional,wo_rf,0.04
OLMo-2-1124-13B-DPO,sycophancy-long,non-sycophantic,sycophancy-long → non-sycophantic,1,0.5,last-token,w_rf,0.0
OLMo-2-1124-13B-DPO,sycophancy-long,non-sycophantic,sycophancy-long → non-sycophantic,1,0.5,last-token,wo_rf,0.0
OLMo-2-1124-13B-DPO,sycophancy-long,non-sycophantic,sycophancy-long → non-sycophantic,1,0.5,mean,w_rf,0.0
OLMo-2-1124-13B-DPO,sycophancy-long,non-sycophantic,sycophancy-long → non-sycophantic,1,0.5,mean,wo_rf,0.0
OLMo-2-1124-13B-DPO,sycophancy-long,non-sycophantic,sycophancy-long → non-sycophantic,1,0.5,positional,w_rf,0.12
OLMo-2-1124-13B-DPO,sycophancy-long,non-sycophantic,sycophancy-long → non-sycophantic,1,0.5,positional,wo_rf,0.12
OLMo-2-1124-13B-DPO,sycophancy-long,non-sycophantic,sycophancy-long → non-sycophantic,1,1.0,last-token,w_rf,0.0
OLMo-2-1124-13B-DPO,sycophancy-long,non-sycophantic,sycophancy-long → non-sycophantic,1,1.0,last-token,wo_rf,0.0
OLMo-2-1124-13B-DPO,sycophancy-long,non-sycophantic,sycophancy-long → non-sycophantic,1,1.0,mean,w_rf,0.02
OLMo-2-1124-13B-DPO,sycophancy-long,non-sycophantic,sycophancy-long → non-sycophantic,1,1.0,mean,wo_rf,0.02
OLMo-2-1124-13B-DPO,sycophancy-long,non-sycophantic,sycophancy-long → non-sycophantic,1,1.0,positional,w_rf,0.2
OLMo-2-1124-13B-DPO,sycophancy-long,non-sycophantic,sycophancy-long → non-sycophantic,1,1.0,positional,wo_rf,0.2
OLMo-2-1124-13B-DPO,sycophancy-long,non-sycophantic,sycophancy-long → non-sycophantic,3,0.01,last-token,w_rf,0.04
OLMo-2-1124-13B-DPO,sycophancy-long,non-sycophantic,sycophancy-long → non-sycophantic,3,0.01,last-token,wo_rf,0.04
OLMo-2-1124-13B-DPO,sycophancy-long,non-sycophantic,sycophancy-long → non-sycophantic,3,0.01,mean,w_rf,0.06
OLMo-2-1124-13B-DPO,sycophancy-long,non-sycophantic,sycophancy-long → non-sycophantic,3,0.01,mean,wo_rf,0.06
OLMo-2-1124-13B-DPO,sycophancy-long,non-sycophantic,sycophancy-long → non-sycophantic,3,0.01,positional,w_rf,0.04
OLMo-2-1124-13B-DPO,sycophancy-long,non-sycophantic,sycophancy-long → non-sycophantic,3,0.01,positional,wo_rf,0.04
OLMo-2-1124-13B-DPO,sycophancy-long,non-sycophantic,sycophancy-long → non-sycophantic,3,0.03,last-token,w_rf,0.0
OLMo-2-1124-13B-DPO,sycophancy-long,non-sycophantic,sycophancy-long → non-sycophantic,3,0.03,last-token,wo_rf,0.0
OLMo-2-1124-13B-DPO,sycophancy-long,non-sycophantic,sycophancy-long → non-sycophantic,3,0.03,mean,w_rf,0.02
OLMo-2-1124-13B-DPO,sycophancy-long,non-sycophantic,sycophancy-long → non-sycophantic,3,0.03,mean,wo_rf,0.02
OLMo-2-1124-13B-DPO,sycophancy-long,non-sycophantic,sycophancy-long → non-sycophantic,3,0.03,positional,w_rf,0.04
OLMo-2-1124-13B-DPO,sycophancy-long,non-sycophantic,sycophancy-long → non-sycophantic,3,0.03,positional,wo_rf,0.04
OLMo-2-1124-13B-DPO,sycophancy-long,non-sycophantic,sycophancy-long → non-sycophantic,3,0.05,last-token,w_rf,0.08
OLMo-2-1124-13B-DPO,sycophancy-long,non-sycophantic,sycophancy-long → non-sycophantic,3,0.05,last-token,wo_rf,0.08
OLMo-2-1124-13B-DPO,sycophancy-long,non-sycophantic,sycophancy-long → non-sycophantic,3,0.05,mean,w_rf,0.0
OLMo-2-1124-13B-DPO,sycophancy-long,non-sycophantic,sycophancy-long → non-sycophantic,3,0.05,mean,wo_rf,0.0
OLMo-2-1124-13B-DPO,sycophancy-long,non-sycophantic,sycophancy-long → non-sycophantic,3,0.05,positional,w_rf,0.04
OLMo-2-1124-13B-DPO,sycophancy-long,non-sycophantic,sycophancy-long → non-sycophantic,3,0.05,positional,wo_rf,0.04
OLMo-2-1124-13B-DPO,sycophancy-long,non-sycophantic,sycophancy-long → non-sycophantic,3,0.08,last-token,w_rf,0.02
OLMo-2-1124-13B-DPO,sycophancy-long,non-sycophantic,sycophancy-long → non-sycophantic,3,0.08,last-token,wo_rf,0.02
OLMo-2-1124-13B-DPO,sycophancy-long,non-sycophantic,sycophancy-long → non-sycophantic,3,0.08,mean,w_rf,0.0
OLMo-2-1124-13B-DPO,sycophancy-long,non-sycophantic,sycophancy-long → non-sycophantic,3,0.08,mean,wo_rf,0.0
OLMo-2-1124-13B-DPO,sycophancy-long,non-sycophantic,sycophancy-long → non-sycophantic,3,0.08,positional,w_rf,0.0
OLMo-2-1124-13B-DPO,sycophancy-long,non-sycophantic,sycophancy-long → non-sycophantic,3,0.08,positional,wo_rf,0.0
OLMo-2-1124-13B-DPO,sycophancy-long,non-sycophantic,sycophancy-long → non-sycophantic,3,0.1,last-token,w_rf,0.0
OLMo-2-1124-13B-DPO,sycophancy-long,non-sycophantic,sycophancy-long → non-sycophantic,3,0.1,last-token,wo_rf,0.0
OLMo-2-1124-13B-DPO,sycophancy-long,non-sycophantic,sycophancy-long → non-sycophantic,3,0.1,mean,w_rf,0.04
OLMo-2-1124-13B-DPO,sycophancy-long,non-sycophantic,sycophancy-long → non-sycophantic,3,0.1,mean,wo_rf,0.04
OLMo-2-1124-13B-DPO,sycophancy-long,non-sycophantic,sycophancy-long → non-sycophantic,3,0.1,positional,w_rf,0.06
OLMo-2-1124-13B-DPO,sycophancy-long,non-sycophantic,sycophancy-long → non-sycophantic,3,0.1,positional,wo_rf,0.06
OLMo-2-1124-13B-DPO,sycophancy-long,non-sycophantic,sycophancy-long → non-sycophantic,3,0.5,last-token,w_rf,0.14
OLMo-2-1124-13B-DPO,sycophancy-long,non-sycophantic,sycophancy-long → non-sycophantic,3,0.5,last-token,wo_rf,0.14
OLMo-2-1124-13B-DPO,sycophancy-long,non-sycophantic,sycophancy-long → non-sycophantic,3,0.5,mean,w_rf,0.18
OLMo-2-1124-13B-DPO,sycophancy-long,non-sycophantic,sycophancy-long → non-sycophantic,3,0.5,mean,wo_rf,0.18
OLMo-2-1124-13B-DPO,sycophancy-long,non-sycophantic,sycophancy-long → non-sycophantic,3,0.5,positional,w_rf,0.06
OLMo-2-1124-13B-DPO,sycophancy-long,non-sycophantic,sycophancy-long → non-sycophantic,3,0.5,positional,wo_rf,0.06
OLMo-2-1124-13B-DPO,sycophancy-long,non-sycophantic,sycophancy-long → non-sycophantic,3,1.0,last-token,w_rf,0.0
OLMo-2-1124-13B-DPO,sycophancy-long,non-sycophantic,sycophancy-long → non-sycophantic,3,1.0,last-token,wo_rf,0.0
OLMo-2-1124-13B-DPO,sycophancy-long,non-sycophantic,sycophancy-long → non-sycophantic,3,1.0,mean,w_rf,0.0
OLMo-2-1124-13B-DPO,sycophancy-long,non-sycophantic,sycophancy-long → non-sycophantic,3,1.0,mean,wo_rf,0.02
OLMo-2-1124-13B-DPO,sycophancy-long,non-sycophantic,sycophancy-long → non-sycophantic,3,1.0,positional,w_rf,0.44
OLMo-2-1124-13B-DPO,sycophancy-long,non-sycophantic,sycophancy-long → non-sycophantic,3,1.0,positional,wo_rf,0.44
OLMo-2-1124-13B-DPO,sycophancy-long,non-sycophantic,sycophancy-long → non-sycophantic,5,0.01,last-token,w_rf,0.02
OLMo-2-1124-13B-DPO,sycophancy-long,non-sycophantic,sycophancy-long → non-sycophantic,5,0.01,last-token,wo_rf,0.02
OLMo-2-1124-13B-DPO,sycophancy-long,non-sycophantic,sycophancy-long → non-sycophantic,5,0.01,mean,w_rf,0.06
OLMo-2-1124-13B-DPO,sycophancy-long,non-sycophantic,sycophancy-long → non-sycophantic,5,0.01,mean,wo_rf,0.06
OLMo-2-1124-13B-DPO,sycophancy-long,non-sycophantic,sycophancy-long → non-sycophantic,5,0.01,positional,w_rf,0.02
OLMo-2-1124-13B-DPO,sycophancy-long,non-sycophantic,sycophancy-long → non-sycophantic,5,0.01,positional,wo_rf,0.02
OLMo-2-1124-13B-DPO,sycophancy-long,non-sycophantic,sycophancy-long → non-sycophantic,5,0.03,last-token,w_rf,0.02
OLMo-2-1124-13B-DPO,sycophancy-long,non-sycophantic,sycophancy-long → non-sycophantic,5,0.03,last-token,wo_rf,0.02
OLMo-2-1124-13B-DPO,sycophancy-long,non-sycophantic,sycophancy-long → non-sycophantic,5,0.03,mean,w_rf,0.04
OLMo-2-1124-13B-DPO,sycophancy-long,non-sycophantic,sycophancy-long → non-sycophantic,5,0.03,mean,wo_rf,0.04
OLMo-2-1124-13B-DPO,sycophancy-long,non-sycophantic,sycophancy-long → non-sycophantic,5,0.03,positional,w_rf,0.0
OLMo-2-1124-13B-DPO,sycophancy-long,non-sycophantic,sycophancy-long → non-sycophantic,5,0.03,positional,wo_rf,0.0
OLMo-2-1124-13B-DPO,sycophancy-long,non-sycophantic,sycophancy-long → non-sycophantic,5,0.05,last-token,w_rf,0.06
OLMo-2-1124-13B-DPO,sycophancy-long,non-sycophantic,sycophancy-long → non-sycophantic,5,0.05,last-token,wo_rf,0.06
OLMo-2-1124-13B-DPO,sycophancy-long,non-sycophantic,sycophancy-long → non-sycophantic,5,0.05,mean,w_rf,0.04
OLMo-2-1124-13B-DPO,sycophancy-long,non-sycophantic,sycophancy-long → non-sycophantic,5,0.05,mean,wo_rf,0.04
OLMo-2-1124-13B-DPO,sycophancy-long,non-sycophantic,sycophancy-long → non-sycophantic,5,0.05,positional,w_rf,0.1
OLMo-2-1124-13B-DPO,sycophancy-long,non-sycophantic,sycophancy-long → non-sycophantic,5,0.05,positional,wo_rf,0.1
OLMo-2-1124-13B-DPO,sycophancy-long,non-sycophantic,sycophancy-long → non-sycophantic,5,0.08,last-token,w_rf,0.12
OLMo-2-1124-13B-DPO,sycophancy-long,non-sycophantic,sycophancy-long → non-sycophantic,5,0.08,last-token,wo_rf,0.12
OLMo-2-1124-13B-DPO,sycophancy-long,non-sycophantic,sycophancy-long → non-sycophantic,5,0.08,mean,w_rf,0.02
OLMo-2-1124-13B-DPO,sycophancy-long,non-sycophantic,sycophancy-long → non-sycophantic,5,0.08,mean,wo_rf,0.02
OLMo-2-1124-13B-DPO,sycophancy-long,non-sycophantic,sycophancy-long → non-sycophantic,5,0.08,positional,w_rf,0.06
OLMo-2-1124-13B-DPO,sycophancy-long,non-sycophantic,sycophancy-long → non-sycophantic,5,0.08,positional,wo_rf,0.06
OLMo-2-1124-13B-DPO,sycophancy-long,non-sycophantic,sycophancy-long → non-sycophantic,5,0.1,last-token,w_rf,0.12
OLMo-2-1124-13B-DPO,sycophancy-long,non-sycophantic,sycophancy-long → non-sycophantic,5,0.1,last-token,wo_rf,0.12
OLMo-2-1124-13B-DPO,sycophancy-long,non-sycophantic,sycophancy-long → non-sycophantic,5,0.1,mean,w_rf,0.04
OLMo-2-1124-13B-DPO,sycophancy-long,non-sycophantic,sycophancy-long → non-sycophantic,5,0.1,mean,wo_rf,0.04
OLMo-2-1124-13B-DPO,sycophancy-long,non-sycophantic,sycophancy-long → non-sycophantic,5,0.1,positional,w_rf,0.0
OLMo-2-1124-13B-DPO,sycophancy-long,non-sycophantic,sycophancy-long → non-sycophantic,5,0.1,positional,wo_rf,0.0
OLMo-2-1124-13B-DPO,sycophancy-long,non-sycophantic,sycophancy-long → non-sycophantic,5,0.5,last-token,w_rf,0.0
OLMo-2-1124-13B-DPO,sycophancy-long,non-sycophantic,sycophancy-long → non-sycophantic,5,0.5,last-token,wo_rf,0.0
OLMo-2-1124-13B-DPO,sycophancy-long,non-sycophantic,sycophancy-long → non-sycophantic,5,0.5,mean,w_rf,0.02
OLMo-2-1124-13B-DPO,sycophancy-long,non-sycophantic,sycophancy-long → non-sycophantic,5,0.5,mean,wo_rf,0.02
OLMo-2-1124-13B-DPO,sycophancy-long,non-sycophantic,sycophancy-long → non-sycophantic,5,0.5,positional,w_rf,0.5
OLMo-2-1124-13B-DPO,sycophancy-long,non-sycophantic,sycophancy-long → non-sycophantic,5,0.5,positional,wo_rf,0.5
OLMo-2-1124-13B-DPO,sycophancy-long,non-sycophantic,sycophancy-long → non-sycophantic,5,1.0,last-token,w_rf,0.0
OLMo-2-1124-13B-DPO,sycophancy-long,non-sycophantic,sycophancy-long → non-sycophantic,5,1.0,last-token,wo_rf,0.0
OLMo-2-1124-13B-DPO,sycophancy-long,non-sycophantic,sycophancy-long → non-sycophantic,5,1.0,mean,w_rf,0.0
OLMo-2-1124-13B-DPO,sycophancy-long,non-sycophantic,sycophancy-long → non-sycophantic,5,1.0,mean,wo_rf,0.0
OLMo-2-1124-13B-DPO,sycophancy-long,non-sycophantic,sycophancy-long → non-sycophantic,5,1.0,positional,w_rf,0.1
OLMo-2-1124-13B-DPO,sycophancy-long,non-sycophantic,sycophancy-long → non-sycophantic,5,1.0,positional,wo_rf,0.1
OLMo-2-1124-13B-DPO,sycophancy-long,non-sycophantic,sycophancy-long → non-sycophantic,8,0.01,last-token,w_rf,0.04
OLMo-2-1124-13B-DPO,sycophancy-long,non-sycophantic,sycophancy-long → non-sycophantic,8,0.01,last-token,wo_rf,0.04
OLMo-2-1124-13B-DPO,sycophancy-long,non-sycophantic,sycophancy-long → non-sycophantic,8,0.01,mean,w_rf,0.02
OLMo-2-1124-13B-DPO,sycophancy-long,non-sycophantic,sycophancy-long → non-sycophantic,8,0.01,mean,wo_rf,0.02
OLMo-2-1124-13B-DPO,sycophancy-long,non-sycophantic,sycophancy-long → non-sycophantic,8,0.01,positional,w_rf,0.1
OLMo-2-1124-13B-DPO,sycophancy-long,non-sycophantic,sycophancy-long → non-sycophantic,8,0.01,positional,wo_rf,0.1
OLMo-2-1124-13B-DPO,sycophancy-long,non-sycophantic,sycophancy-long → non-sycophantic,8,0.03,last-token,w_rf,0.0
OLMo-2-1124-13B-DPO,sycophancy-long,non-sycophantic,sycophancy-long → non-sycophantic,8,0.03,last-token,wo_rf,0.0
OLMo-2-1124-13B-DPO,sycophancy-long,non-sycophantic,sycophancy-long → non-sycophantic,8,0.03,mean,w_rf,0.04
OLMo-2-1124-13B-DPO,sycophancy-long,non-sycophantic,sycophancy-long → non-sycophantic,8,0.03,mean,wo_rf,0.04
OLMo-2-1124-13B-DPO,sycophancy-long,non-sycophantic,sycophancy-long → non-sycophantic,8,0.03,positional,w_rf,0.02
OLMo-2-1124-13B-DPO,sycophancy-long,non-sycophantic,sycophancy-long → non-sycophantic,8,0.03,positional,wo_rf,0.02
OLMo-2-1124-13B-DPO,sycophancy-long,non-sycophantic,sycophancy-long → non-sycophantic,8,0.05,last-token,w_rf,0.1
OLMo-2-1124-13B-DPO,sycophancy-long,non-sycophantic,sycophancy-long → non-sycophantic,8,0.05,last-token,wo_rf,0.1
OLMo-2-1124-13B-DPO,sycophancy-long,non-sycophantic,sycophancy-long → non-sycophantic,8,0.05,mean,w_rf,0.0
OLMo-2-1124-13B-DPO,sycophancy-long,non-sycophantic,sycophancy-long → non-sycophantic,8,0.05,mean,wo_rf,0.0
OLMo-2-1124-13B-DPO,sycophancy-long,non-sycophantic,sycophancy-long → non-sycophantic,8,0.05,positional,w_rf,0.08
OLMo-2-1124-13B-DPO,sycophancy-long,non-sycophantic,sycophancy-long → non-sycophantic,8,0.05,positional,wo_rf,0.08
OLMo-2-1124-13B-DPO,sycophancy-long,non-sycophantic,sycophancy-long → non-sycophantic,8,0.08,last-token,w_rf,0.1
OLMo-2-1124-13B-DPO,sycophancy-long,non-sycophantic,sycophancy-long → non-sycophantic,8,0.08,last-token,wo_rf,0.1
OLMo-2-1124-13B-DPO,sycophancy-long,non-sycophantic,sycophancy-long → non-sycophantic,8,0.08,mean,w_rf,0.08
OLMo-2-1124-13B-DPO,sycophancy-long,non-sycophantic,sycophancy-long → non-sycophantic,8,0.08,mean,wo_rf,0.08
OLMo-2-1124-13B-DPO,sycophancy-long,non-sycophantic,sycophancy-long → non-sycophantic,8,0.08,positional,w_rf,0.16
OLMo-2-1124-13B-DPO,sycophancy-long,non-sycophantic,sycophancy-long → non-sycophantic,8,0.08,positional,wo_rf,0.16
OLMo-2-1124-13B-DPO,sycophancy-long,non-sycophantic,sycophancy-long → non-sycophantic,8,0.1,last-token,w_rf,0.02
OLMo-2-1124-13B-DPO,sycophancy-long,non-sycophantic,sycophancy-long → non-sycophantic,8,0.1,last-token,wo_rf,0.02
OLMo-2-1124-13B-DPO,sycophancy-long,non-sycophantic,sycophancy-long → non-sycophantic,8,0.1,mean,w_rf,0.02
OLMo-2-1124-13B-DPO,sycophancy-long,non-sycophantic,sycophancy-long → non-sycophantic,8,0.1,mean,wo_rf,0.02
OLMo-2-1124-13B-DPO,sycophancy-long,non-sycophantic,sycophancy-long → non-sycophantic,8,0.1,positional,w_rf,0.24
OLMo-2-1124-13B-DPO,sycophancy-long,non-sycophantic,sycophancy-long → non-sycophantic,8,0.1,positional,wo_rf,0.24
OLMo-2-1124-13B-DPO,sycophancy-long,non-sycophantic,sycophancy-long → non-sycophantic,8,0.5,last-token,w_rf,0.0
OLMo-2-1124-13B-DPO,sycophancy-long,non-sycophantic,sycophancy-long → non-sycophantic,8,0.5,last-token,wo_rf,0.0
OLMo-2-1124-13B-DPO,sycophancy-long,non-sycophantic,sycophancy-long → non-sycophantic,8,0.5,mean,w_rf,0.0
OLMo-2-1124-13B-DPO,sycophancy-long,non-sycophantic,sycophancy-long → non-sycophantic,8,0.5,mean,wo_rf,0.0
OLMo-2-1124-13B-DPO,sycophancy-long,non-sycophantic,sycophancy-long → non-sycophantic,8,0.5,positional,w_rf,0.12
OLMo-2-1124-13B-DPO,sycophancy-long,non-sycophantic,sycophancy-long → non-sycophantic,8,0.5,positional,wo_rf,0.12
OLMo-2-1124-13B-DPO,sycophancy-long,non-sycophantic,sycophancy-long → non-sycophantic,8,1.0,last-token,w_rf,0.0
OLMo-2-1124-13B-DPO,sycophancy-long,non-sycophantic,sycophancy-long → non-sycophantic,8,1.0,last-token,wo_rf,0.0
OLMo-2-1124-13B-DPO,sycophancy-long,non-sycophantic,sycophancy-long → non-sycophantic,8,1.0,mean,w_rf,0.0
OLMo-2-1124-13B-DPO,sycophancy-long,non-sycophantic,sycophancy-long → non-sycophantic,8,1.0,mean,wo_rf,0.0
OLMo-2-1124-13B-DPO,sycophancy-long,non-sycophantic,sycophancy-long → non-sycophantic,8,1.0,positional,w_rf,0.06
OLMo-2-1124-13B-DPO,sycophancy-long,non-sycophantic,sycophancy-long → non-sycophantic,8,1.0,positional,wo_rf,0.06
OLMo-2-1124-13B-DPO,sycophancy-long,non-sycophantic,sycophancy-long → non-sycophantic,10,0.01,last-token,w_rf,0.06
OLMo-2-1124-13B-DPO,sycophancy-long,non-sycophantic,sycophancy-long → non-sycophantic,10,0.01,last-token,wo_rf,0.06
OLMo-2-1124-13B-DPO,sycophancy-long,non-sycophantic,sycophancy-long → non-sycophantic,10,0.01,mean,w_rf,0.02
OLMo-2-1124-13B-DPO,sycophancy-long,non-sycophantic,sycophancy-long → non-sycophantic,10,0.01,mean,wo_rf,0.02
OLMo-2-1124-13B-DPO,sycophancy-long,non-sycophantic,sycophancy-long → non-sycophantic,10,0.01,positional,w_rf,0.02
OLMo-2-1124-13B-DPO,sycophancy-long,non-sycophantic,sycophancy-long → non-sycophantic,10,0.01,positional,wo_rf,0.02
OLMo-2-1124-13B-DPO,sycophancy-long,non-sycophantic,sycophancy-long → non-sycophantic,10,0.03,last-token,w_rf,0.06
OLMo-2-1124-13B-DPO,sycophancy-long,non-sycophantic,sycophancy-long → non-sycophantic,10,0.03,last-token,wo_rf,0.06
OLMo-2-1124-13B-DPO,sycophancy-long,non-sycophantic,sycophancy-long → non-sycophantic,10,0.03,mean,w_rf,0.04
OLMo-2-1124-13B-DPO,sycophancy-long,non-sycophantic,sycophancy-long → non-sycophantic,10,0.03,mean,wo_rf,0.04
OLMo-2-1124-13B-DPO,sycophancy-long,non-sycophantic,sycophancy-long → non-sycophantic,10,0.03,positional,w_rf,0.04
OLMo-2-1124-13B-DPO,sycophancy-long,non-sycophantic,sycophancy-long → non-sycophantic,10,0.03,positional,wo_rf,0.04
OLMo-2-1124-13B-DPO,sycophancy-long,non-sycophantic,sycophancy-long → non-sycophantic,10,0.05,last-token,w_rf,0.12
OLMo-2-1124-13B-DPO,sycophancy-long,non-sycophantic,sycophancy-long → non-sycophantic,10,0.05,last-token,wo_rf,0.12
OLMo-2-1124-13B-DPO,sycophancy-long,non-sycophantic,sycophancy-long → non-sycophantic,10,0.05,mean,w_rf,0.1
OLMo-2-1124-13B-DPO,sycophancy-long,non-sycophantic,sycophancy-long → non-sycophantic,10,0.05,mean,wo_rf,0.1
OLMo-2-1124-13B-DPO,sycophancy-long,non-sycophantic,sycophancy-long → non-sycophantic,10,0.05,positional,w_rf,0.22
OLMo-2-1124-13B-DPO,sycophancy-long,non-sycophantic,sycophancy-long → non-sycophantic,10,0.05,positional,wo_rf,0.22
OLMo-2-1124-13B-DPO,sycophancy-long,non-sycophantic,sycophancy-long → non-sycophantic,10,0.08,last-token,w_rf,0.02
OLMo-2-1124-13B-DPO,sycophancy-long,non-sycophantic,sycophancy-long → non-sycophantic,10,0.08,last-token,wo_rf,0.02
OLMo-2-1124-13B-DPO,sycophancy-long,non-sycophantic,sycophancy-long → non-sycophantic,10,0.08,mean,w_rf,0.06
OLMo-2-1124-13B-DPO,sycophancy-long,non-sycophantic,sycophancy-long → non-sycophantic,10,0.08,mean,wo_rf,0.06
OLMo-2-1124-13B-DPO,sycophancy-long,non-sycophantic,sycophancy-long → non-sycophantic,10,0.08,positional,w_rf,0.22
OLMo-2-1124-13B-DPO,sycophancy-long,non-sycophantic,sycophancy-long → non-sycophantic,10,0.08,positional,wo_rf,0.22
OLMo-2-1124-13B-DPO,sycophancy-long,non-sycophantic,sycophancy-long → non-sycophantic,10,0.1,last-token,w_rf,0.0
OLMo-2-1124-13B-DPO,sycophancy-long,non-sycophantic,sycophancy-long → non-sycophantic,10,0.1,last-token,wo_rf,0.0
OLMo-2-1124-13B-DPO,sycophancy-long,non-sycophantic,sycophancy-long → non-sycophantic,10,0.1,mean,w_rf,0.0
OLMo-2-1124-13B-DPO,sycophancy-long,non-sycophantic,sycophancy-long → non-sycophantic,10,0.1,mean,wo_rf,0.0
OLMo-2-1124-13B-DPO,sycophancy-long,non-sycophantic,sycophancy-long → non-sycophantic,10,0.1,positional,w_rf,0.38
OLMo-2-1124-13B-DPO,sycophancy-long,non-sycophantic,sycophancy-long → non-sycophantic,10,0.1,positional,wo_rf,0.38
OLMo-2-1124-13B-DPO,sycophancy-long,non-sycophantic,sycophancy-long → non-sycophantic,10,0.5,last-token,w_rf,0.0
OLMo-2-1124-13B-DPO,sycophancy-long,non-sycophantic,sycophancy-long → non-sycophantic,10,0.5,last-token,wo_rf,0.0
OLMo-2-1124-13B-DPO,sycophancy-long,non-sycophantic,sycophancy-long → non-sycophantic,10,0.5,mean,w_rf,0.0
OLMo-2-1124-13B-DPO,sycophancy-long,non-sycophantic,sycophancy-long → non-sycophantic,10,0.5,mean,wo_rf,0.0
OLMo-2-1124-13B-DPO,sycophancy-long,non-sycophantic,sycophancy-long → non-sycophantic,10,0.5,positional,w_rf,0.02
OLMo-2-1124-13B-DPO,sycophancy-long,non-sycophantic,sycophancy-long → non-sycophantic,10,0.5,positional,wo_rf,0.02
OLMo-2-1124-13B-DPO,sycophancy-long,non-sycophantic,sycophancy-long → non-sycophantic,10,1.0,last-token,w_rf,0.0
OLMo-2-1124-13B-DPO,sycophancy-long,non-sycophantic,sycophancy-long → non-sycophantic,10,1.0,last-token,wo_rf,0.0
OLMo-2-1124-13B-DPO,sycophancy-long,non-sycophantic,sycophancy-long → non-sycophantic,10,1.0,mean,w_rf,0.0
OLMo-2-1124-13B-DPO,sycophancy-long,non-sycophantic,sycophancy-long → non-sycophantic,10,1.0,mean,wo_rf,0.0
OLMo-2-1124-13B-DPO,sycophancy-long,non-sycophantic,sycophancy-long → non-sycophantic,10,1.0,positional,w_rf,0.02
OLMo-2-1124-13B-DPO,sycophancy-long,non-sycophantic,sycophancy-long → non-sycophantic,10,1.0,positional,wo_rf,0.02
OLMo-2-1124-13B-DPO,verse-long,prose,verse-long → prose,1,0.01,last-token,w_rf,0.0
OLMo-2-1124-13B-DPO,verse-long,prose,verse-long → prose,1,0.01,last-token,wo_rf,0.0
OLMo-2-1124-13B-DPO,verse-long,prose,verse-long → prose,1,0.01,mean,w_rf,0.0
OLMo-2-1124-13B-DPO,verse-long,prose,verse-long → prose,1,0.01,mean,wo_rf,0.0
OLMo-2-1124-13B-DPO,verse-long,prose,verse-long → prose,1,0.01,positional,w_rf,0.0
OLMo-2-1124-13B-DPO,verse-long,prose,verse-long → prose,1,0.01,positional,wo_rf,0.0
OLMo-2-1124-13B-DPO,verse-long,prose,verse-long → prose,1,0.03,last-token,w_rf,0.02
OLMo-2-1124-13B-DPO,verse-long,prose,verse-long → prose,1,0.03,last-token,wo_rf,0.02
OLMo-2-1124-13B-DPO,verse-long,prose,verse-long → prose,1,0.03,mean,w_rf,0.0
OLMo-2-1124-13B-DPO,verse-long,prose,verse-long → prose,1,0.03,mean,wo_rf,0.0
OLMo-2-1124-13B-DPO,verse-long,prose,verse-long → prose,1,0.03,positional,w_rf,0.0
OLMo-2-1124-13B-DPO,verse-long,prose,verse-long → prose,1,0.03,positional,wo_rf,0.0
OLMo-2-1124-13B-DPO,verse-long,prose,verse-long → prose,1,0.05,last-token,w_rf,0.0
OLMo-2-1124-13B-DPO,verse-long,prose,verse-long → prose,1,0.05,last-token,wo_rf,0.0
OLMo-2-1124-13B-DPO,verse-long,prose,verse-long → prose,1,0.05,mean,w_rf,0.0
OLMo-2-1124-13B-DPO,verse-long,prose,verse-long → prose,1,0.05,mean,wo_rf,0.0
OLMo-2-1124-13B-DPO,verse-long,prose,verse-long → prose,1,0.05,positional,w_rf,0.0
OLMo-2-1124-13B-DPO,verse-long,prose,verse-long → prose,1,0.05,positional,wo_rf,0.0
OLMo-2-1124-13B-DPO,verse-long,prose,verse-long → prose,1,0.08,last-token,w_rf,0.0
OLMo-2-1124-13B-DPO,verse-long,prose,verse-long → prose,1,0.08,last-token,wo_rf,0.0
OLMo-2-1124-13B-DPO,verse-long,prose,verse-long → prose,1,0.08,mean,w_rf,0.0
OLMo-2-1124-13B-DPO,verse-long,prose,verse-long → prose,1,0.08,mean,wo_rf,0.0
OLMo-2-1124-13B-DPO,verse-long,prose,verse-long → prose,1,0.08,positional,w_rf,0.0
OLMo-2-1124-13B-DPO,verse-long,prose,verse-long → prose,1,0.08,positional,wo_rf,0.0
OLMo-2-1124-13B-DPO,verse-long,prose,verse-long → prose,1,0.1,last-token,w_rf,0.0
OLMo-2-1124-13B-DPO,verse-long,prose,verse-long → prose,1,0.1,last-token,wo_rf,0.0
OLMo-2-1124-13B-DPO,verse-long,prose,verse-long → prose,1,0.1,mean,w_rf,0.0
OLMo-2-1124-13B-DPO,verse-long,prose,verse-long → prose,1,0.1,mean,wo_rf,0.0
OLMo-2-1124-13B-DPO,verse-long,prose,verse-long → prose,1,0.1,positional,w_rf,0.0
OLMo-2-1124-13B-DPO,verse-long,prose,verse-long → prose,1,0.1,positional,wo_rf,0.0
OLMo-2-1124-13B-DPO,verse-long,prose,verse-long → prose,1,0.5,last-token,w_rf,0.08
OLMo-2-1124-13B-DPO,verse-long,prose,verse-long → prose,1,0.5,last-token,wo_rf,0.08
OLMo-2-1124-13B-DPO,verse-long,prose,verse-long → prose,1,0.5,mean,w_rf,0.26
OLMo-2-1124-13B-DPO,verse-long,prose,verse-long → prose,1,0.5,mean,wo_rf,0.26
OLMo-2-1124-13B-DPO,verse-long,prose,verse-long → prose,1,0.5,positional,w_rf,0.56
OLMo-2-1124-13B-DPO,verse-long,prose,verse-long → prose,1,0.5,positional,wo_rf,0.56
OLMo-2-1124-13B-DPO,verse-long,prose,verse-long → prose,1,1.0,last-token,w_rf,0.4
OLMo-2-1124-13B-DPO,verse-long,prose,verse-long → prose,1,1.0,last-token,wo_rf,0.4
OLMo-2-1124-13B-DPO,verse-long,prose,verse-long → prose,1,1.0,mean,w_rf,0.24
OLMo-2-1124-13B-DPO,verse-long,prose,verse-long → prose,1,1.0,mean,wo_rf,0.24
OLMo-2-1124-13B-DPO,verse-long,prose,verse-long → prose,1,1.0,positional,w_rf,0.7
OLMo-2-1124-13B-DPO,verse-long,prose,verse-long → prose,1,1.0,positional,wo_rf,0.7
OLMo-2-1124-13B-DPO,verse-long,prose,verse-long → prose,3,0.01,last-token,w_rf,0.0
OLMo-2-1124-13B-DPO,verse-long,prose,verse-long → prose,3,0.01,last-token,wo_rf,0.0
OLMo-2-1124-13B-DPO,verse-long,prose,verse-long → prose,3,0.01,mean,w_rf,0.0
OLMo-2-1124-13B-DPO,verse-long,prose,verse-long → prose,3,0.01,mean,wo_rf,0.0
OLMo-2-1124-13B-DPO,verse-long,prose,verse-long → prose,3,0.01,positional,w_rf,0.0
OLMo-2-1124-13B-DPO,verse-long,prose,verse-long → prose,3,0.01,positional,wo_rf,0.0
OLMo-2-1124-13B-DPO,verse-long,prose,verse-long → prose,3,0.03,last-token,w_rf,0.0
OLMo-2-1124-13B-DPO,verse-long,prose,verse-long → prose,3,0.03,last-token,wo_rf,0.0
OLMo-2-1124-13B-DPO,verse-long,prose,verse-long → prose,3,0.03,mean,w_rf,0.0
OLMo-2-1124-13B-DPO,verse-long,prose,verse-long → prose,3,0.03,mean,wo_rf,0.0
OLMo-2-1124-13B-DPO,verse-long,prose,verse-long → prose,3,0.03,positional,w_rf,0.02
OLMo-2-1124-13B-DPO,verse-long,prose,verse-long → prose,3,0.03,positional,wo_rf,0.02
OLMo-2-1124-13B-DPO,verse-long,prose,verse-long → prose,3,0.05,last-token,w_rf,0.0
OLMo-2-1124-13B-DPO,verse-long,prose,verse-long → prose,3,0.05,last-token,wo_rf,0.0
OLMo-2-1124-13B-DPO,verse-long,prose,verse-long → prose,3,0.05,mean,w_rf,0.02
OLMo-2-1124-13B-DPO,verse-long,prose,verse-long → prose,3,0.05,mean,wo_rf,0.02
OLMo-2-1124-13B-DPO,verse-long,prose,verse-long → prose,3,0.05,positional,w_rf,0.0
OLMo-2-1124-13B-DPO,verse-long,prose,verse-long → prose,3,0.05,positional,wo_rf,0.0
OLMo-2-1124-13B-DPO,verse-long,prose,verse-long → prose,3,0.08,last-token,w_rf,0.12
OLMo-2-1124-13B-DPO,verse-long,prose,verse-long → prose,3,0.08,last-token,wo_rf,0.12
OLMo-2-1124-13B-DPO,verse-long,prose,verse-long → prose,3,0.08,mean,w_rf,0.0
OLMo-2-1124-13B-DPO,verse-long,prose,verse-long → prose,3,0.08,mean,wo_rf,0.0
OLMo-2-1124-13B-DPO,verse-long,prose,verse-long → prose,3,0.08,positional,w_rf,0.28
OLMo-2-1124-13B-DPO,verse-long,prose,verse-long → prose,3,0.08,positional,wo_rf,0.28
OLMo-2-1124-13B-DPO,verse-long,prose,verse-long → prose,3,0.1,last-token,w_rf,0.2
OLMo-2-1124-13B-DPO,verse-long,prose,verse-long → prose,3,0.1,last-token,wo_rf,0.2
OLMo-2-1124-13B-DPO,verse-long,prose,verse-long → prose,3,0.1,mean,w_rf,0.22
OLMo-2-1124-13B-DPO,verse-long,prose,verse-long → prose,3,0.1,mean,wo_rf,0.22
OLMo-2-1124-13B-DPO,verse-long,prose,verse-long → prose,3,0.1,positional,w_rf,0.52
OLMo-2-1124-13B-DPO,verse-long,prose,verse-long → prose,3,0.1,positional,wo_rf,0.54
OLMo-2-1124-13B-DPO,verse-long,prose,verse-long → prose,3,0.5,last-token,w_rf,0.34
OLMo-2-1124-13B-DPO,verse-long,prose,verse-long → prose,3,0.5,last-token,wo_rf,0.4
OLMo-2-1124-13B-DPO,verse-long,prose,verse-long → prose,3,0.5,mean,w_rf,0.56
OLMo-2-1124-13B-DPO,verse-long,prose,verse-long → prose,3,0.5,mean,wo_rf,0.6
OLMo-2-1124-13B-DPO,verse-long,prose,verse-long → prose,3,0.5,positional,w_rf,0.66
OLMo-2-1124-13B-DPO,verse-long,prose,verse-long → prose,3,0.5,positional,wo_rf,0.7
OLMo-2-1124-13B-DPO,verse-long,prose,verse-long → prose,3,1.0,last-token,w_rf,0.14
OLMo-2-1124-13B-DPO,verse-long,prose,verse-long → prose,3,1.0,last-token,wo_rf,0.2
OLMo-2-1124-13B-DPO,verse-long,prose,verse-long → prose,3,1.0,mean,w_rf,0.36
OLMo-2-1124-13B-DPO,verse-long,prose,verse-long → prose,3,1.0,mean,wo_rf,0.42
OLMo-2-1124-13B-DPO,verse-long,prose,verse-long → prose,3,1.0,positional,w_rf,0.8
OLMo-2-1124-13B-DPO,verse-long,prose,verse-long → prose,3,1.0,positional,wo_rf,0.86
OLMo-2-1124-13B-DPO,verse-long,prose,verse-long → prose,5,0.01,last-token,w_rf,0.0
OLMo-2-1124-13B-DPO,verse-long,prose,verse-long → prose,5,0.01,last-token,wo_rf,0.0
OLMo-2-1124-13B-DPO,verse-long,prose,verse-long → prose,5,0.01,mean,w_rf,0.0
OLMo-2-1124-13B-DPO,verse-long,prose,verse-long → prose,5,0.01,mean,wo_rf,0.0
OLMo-2-1124-13B-DPO,verse-long,prose,verse-long → prose,5,0.01,positional,w_rf,0.0
OLMo-2-1124-13B-DPO,verse-long,prose,verse-long → prose,5,0.01,positional,wo_rf,0.0
OLMo-2-1124-13B-DPO,verse-long,prose,verse-long → prose,5,0.03,last-token,w_rf,0.0
OLMo-2-1124-13B-DPO,verse-long,prose,verse-long → prose,5,0.03,last-token,wo_rf,0.0
OLMo-2-1124-13B-DPO,verse-long,prose,verse-long → prose,5,0.03,mean,w_rf,0.0
OLMo-2-1124-13B-DPO,verse-long,prose,verse-long → prose,5,0.03,mean,wo_rf,0.0
OLMo-2-1124-13B-DPO,verse-long,prose,verse-long → prose,5,0.03,positional,w_rf,0.0
OLMo-2-1124-13B-DPO,verse-long,prose,verse-long → prose,5,0.03,positional,wo_rf,0.0
OLMo-2-1124-13B-DPO,verse-long,prose,verse-long → prose,5,0.05,last-token,w_rf,0.12
OLMo-2-1124-13B-DPO,verse-long,prose,verse-long → prose,5,0.05,last-token,wo_rf,0.12
OLMo-2-1124-13B-DPO,verse-long,prose,verse-long → prose,5,0.05,mean,w_rf,0.14
OLMo-2-1124-13B-DPO,verse-long,prose,verse-long → prose,5,0.05,mean,wo_rf,0.14
OLMo-2-1124-13B-DPO,verse-long,prose,verse-long → prose,5,0.05,positional,w_rf,0.2
OLMo-2-1124-13B-DPO,verse-long,prose,verse-long → prose,5,0.05,positional,wo_rf,0.2
OLMo-2-1124-13B-DPO,verse-long,prose,verse-long → prose,5,0.08,last-token,w_rf,0.28
OLMo-2-1124-13B-DPO,verse-long,prose,verse-long → prose,5,0.08,last-token,wo_rf,0.28
OLMo-2-1124-13B-DPO,verse-long,prose,verse-long → prose,5,0.08,mean,w_rf,0.26
OLMo-2-1124-13B-DPO,verse-long,prose,verse-long → prose,5,0.08,mean,wo_rf,0.26
OLMo-2-1124-13B-DPO,verse-long,prose,verse-long → prose,5,0.08,positional,w_rf,0.72
OLMo-2-1124-13B-DPO,verse-long,prose,verse-long → prose,5,0.08,positional,wo_rf,0.72
OLMo-2-1124-13B-DPO,verse-long,prose,verse-long → prose,5,0.1,last-token,w_rf,0.38
OLMo-2-1124-13B-DPO,verse-long,prose,verse-long → prose,5,0.1,last-token,wo_rf,0.38
OLMo-2-1124-13B-DPO,verse-long,prose,verse-long → prose,5,0.1,mean,w_rf,0.46
OLMo-2-1124-13B-DPO,verse-long,prose,verse-long → prose,5,0.1,mean,wo_rf,0.52
OLMo-2-1124-13B-DPO,verse-long,prose,verse-long → prose,5,0.1,positional,w_rf,0.94
OLMo-2-1124-13B-DPO,verse-long,prose,verse-long → prose,5,0.1,positional,wo_rf,0.94
OLMo-2-1124-13B-DPO,verse-long,prose,verse-long → prose,5,0.5,last-token,w_rf,0.16
OLMo-2-1124-13B-DPO,verse-long,prose,verse-long → prose,5,0.5,last-token,wo_rf,0.24
OLMo-2-1124-13B-DPO,verse-long,prose,verse-long → prose,5,0.5,mean,w_rf,0.24
OLMo-2-1124-13B-DPO,verse-long,prose,verse-long → prose,5,0.5,mean,wo_rf,0.28
OLMo-2-1124-13B-DPO,verse-long,prose,verse-long → prose,5,0.5,positional,w_rf,0.54
OLMo-2-1124-13B-DPO,verse-long,prose,verse-long → prose,5,0.5,positional,wo_rf,0.72
OLMo-2-1124-13B-DPO,verse-long,prose,verse-long → prose,5,1.0,last-token,w_rf,0.0
OLMo-2-1124-13B-DPO,verse-long,prose,verse-long → prose,5,1.0,last-token,wo_rf,0.22
OLMo-2-1124-13B-DPO,verse-long,prose,verse-long → prose,5,1.0,mean,w_rf,0.0
OLMo-2-1124-13B-DPO,verse-long,prose,verse-long → prose,5,1.0,mean,wo_rf,0.2
OLMo-2-1124-13B-DPO,verse-long,prose,verse-long → prose,5,1.0,positional,w_rf,0.26
OLMo-2-1124-13B-DPO,verse-long,prose,verse-long → prose,5,1.0,positional,wo_rf,0.72
OLMo-2-1124-13B-DPO,verse-long,prose,verse-long → prose,8,0.01,last-token,w_rf,0.0
OLMo-2-1124-13B-DPO,verse-long,prose,verse-long → prose,8,0.01,last-token,wo_rf,0.0
OLMo-2-1124-13B-DPO,verse-long,prose,verse-long → prose,8,0.01,mean,w_rf,0.0
OLMo-2-1124-13B-DPO,verse-long,prose,verse-long → prose,8,0.01,mean,wo_rf,0.0
OLMo-2-1124-13B-DPO,verse-long,prose,verse-long → prose,8,0.01,positional,w_rf,0.0
OLMo-2-1124-13B-DPO,verse-long,prose,verse-long → prose,8,0.01,positional,wo_rf,0.0
OLMo-2-1124-13B-DPO,verse-long,prose,verse-long → prose,8,0.03,last-token,w_rf,0.04
OLMo-2-1124-13B-DPO,verse-long,prose,verse-long → prose,8,0.03,last-token,wo_rf,0.04
OLMo-2-1124-13B-DPO,verse-long,prose,verse-long → prose,8,0.03,mean,w_rf,0.1
OLMo-2-1124-13B-DPO,verse-long,prose,verse-long → prose,8,0.03,mean,wo_rf,0.1
OLMo-2-1124-13B-DPO,verse-long,prose,verse-long → prose,8,0.03,positional,w_rf,0.08
OLMo-2-1124-13B-DPO,verse-long,prose,verse-long → prose,8,0.03,positional,wo_rf,0.08
OLMo-2-1124-13B-DPO,verse-long,prose,verse-long → prose,8,0.05,last-token,w_rf,0.04
OLMo-2-1124-13B-DPO,verse-long,prose,verse-long → prose,8,0.05,last-token,wo_rf,0.04
OLMo-2-1124-13B-DPO,verse-long,prose,verse-long → prose,8,0.05,mean,w_rf,0.32
OLMo-2-1124-13B-DPO,verse-long,prose,verse-long → prose,8,0.05,mean,wo_rf,0.32
OLMo-2-1124-13B-DPO,verse-long,prose,verse-long → prose,8,0.05,positional,w_rf,0.48
OLMo-2-1124-13B-DPO,verse-long,prose,verse-long → prose,8,0.05,positional,wo_rf,0.5
OLMo-2-1124-13B-DPO,verse-long,prose,verse-long → prose,8,0.08,last-token,w_rf,0.06
OLMo-2-1124-13B-DPO,verse-long,prose,verse-long → prose,8,0.08,last-token,wo_rf,0.06
OLMo-2-1124-13B-DPO,verse-long,prose,verse-long → prose,8,0.08,mean,w_rf,0.14
OLMo-2-1124-13B-DPO,verse-long,prose,verse-long → prose,8,0.08,mean,wo_rf,0.16
OLMo-2-1124-13B-DPO,verse-long,prose,verse-long → prose,8,0.08,positional,w_rf,0.84
OLMo-2-1124-13B-DPO,verse-long,prose,verse-long → prose,8,0.08,positional,wo_rf,0.86
OLMo-2-1124-13B-DPO,verse-long,prose,verse-long → prose,8,0.1,last-token,w_rf,0.4
OLMo-2-1124-13B-DPO,verse-long,prose,verse-long → prose,8,0.1,last-token,wo_rf,0.44
OLMo-2-1124-13B-DPO,verse-long,prose,verse-long → prose,8,0.1,mean,w_rf,0.42
OLMo-2-1124-13B-DPO,verse-long,prose,verse-long → prose,8,0.1,mean,wo_rf,0.48
OLMo-2-1124-13B-DPO,verse-long,prose,verse-long → prose,8,0.1,positional,w_rf,0.88
OLMo-2-1124-13B-DPO,verse-long,prose,verse-long → prose,8,0.1,positional,wo_rf,0.9
OLMo-2-1124-13B-DPO,verse-long,prose,verse-long → prose,8,0.5,last-token,w_rf,0.0
OLMo-2-1124-13B-DPO,verse-long,prose,verse-long → prose,8,0.5,last-token,wo_rf,0.2
OLMo-2-1124-13B-DPO,verse-long,prose,verse-long → prose,8,0.5,mean,w_rf,0.0
OLMo-2-1124-13B-DPO,verse-long,prose,verse-long → prose,8,0.5,mean,wo_rf,0.22
OLMo-2-1124-13B-DPO,verse-long,prose,verse-long → prose,8,0.5,positional,w_rf,0.14
OLMo-2-1124-13B-DPO,verse-long,prose,verse-long → prose,8,0.5,positional,wo_rf,0.56
OLMo-2-1124-13B-DPO,verse-long,prose,verse-long → prose,8,1.0,last-token,w_rf,0.0
OLMo-2-1124-13B-DPO,verse-long,prose,verse-long → prose,8,1.0,last-token,wo_rf,0.0
OLMo-2-1124-13B-DPO,verse-long,prose,verse-long → prose,8,1.0,mean,w_rf,0.0
OLMo-2-1124-13B-DPO,verse-long,prose,verse-long → prose,8,1.0,mean,wo_rf,0.38
OLMo-2-1124-13B-DPO,verse-long,prose,verse-long → prose,8,1.0,positional,w_rf,0.04
OLMo-2-1124-13B-DPO,verse-long,prose,verse-long → prose,8,1.0,positional,wo_rf,0.44
OLMo-2-1124-13B-DPO,verse-long,prose,verse-long → prose,10,0.01,last-token,w_rf,0.0
OLMo-2-1124-13B-DPO,verse-long,prose,verse-long → prose,10,0.01,last-token,wo_rf,0.0
OLMo-2-1124-13B-DPO,verse-long,prose,verse-long → prose,10,0.01,mean,w_rf,0.0
OLMo-2-1124-13B-DPO,verse-long,prose,verse-long → prose,10,0.01,mean,wo_rf,0.0
OLMo-2-1124-13B-DPO,verse-long,prose,verse-long → prose,10,0.01,positional,w_rf,0.0
OLMo-2-1124-13B-DPO,verse-long,prose,verse-long → prose,10,0.01,positional,wo_rf,0.0
OLMo-2-1124-13B-DPO,verse-long,prose,verse-long → prose,10,0.03,last-token,w_rf,0.02
OLMo-2-1124-13B-DPO,verse-long,prose,verse-long → prose,10,0.03,last-token,wo_rf,0.02
OLMo-2-1124-13B-DPO,verse-long,prose,verse-long → prose,10,0.03,mean,w_rf,0.08
OLMo-2-1124-13B-DPO,verse-long,prose,verse-long → prose,10,0.03,mean,wo_rf,0.08
OLMo-2-1124-13B-DPO,verse-long,prose,verse-long → prose,10,0.03,positional,w_rf,0.2
OLMo-2-1124-13B-DPO,verse-long,prose,verse-long → prose,10,0.03,positional,wo_rf,0.2
OLMo-2-1124-13B-DPO,verse-long,prose,verse-long → prose,10,0.05,last-token,w_rf,0.06
OLMo-2-1124-13B-DPO,verse-long,prose,verse-long → prose,10,0.05,last-token,wo_rf,0.06
OLMo-2-1124-13B-DPO,verse-long,prose,verse-long → prose,10,0.05,mean,w_rf,0.26
OLMo-2-1124-13B-DPO,verse-long,prose,verse-long → prose,10,0.05,mean,wo_rf,0.4
OLMo-2-1124-13B-DPO,verse-long,prose,verse-long → prose,10,0.05,positional,w_rf,0.72
OLMo-2-1124-13B-DPO,verse-long,prose,verse-long → prose,10,0.05,positional,wo_rf,0.74
OLMo-2-1124-13B-DPO,verse-long,prose,verse-long → prose,10,0.08,last-token,w_rf,0.06
OLMo-2-1124-13B-DPO,verse-long,prose,verse-long → prose,10,0.08,last-token,wo_rf,0.1
OLMo-2-1124-13B-DPO,verse-long,prose,verse-long → prose,10,0.08,mean,w_rf,0.06
OLMo-2-1124-13B-DPO,verse-long,prose,verse-long → prose,10,0.08,mean,wo_rf,0.06
OLMo-2-1124-13B-DPO,verse-long,prose,verse-long → prose,10,0.08,positional,w_rf,0.74
OLMo-2-1124-13B-DPO,verse-long,prose,verse-long → prose,10,0.08,positional,wo_rf,0.78
OLMo-2-1124-13B-DPO,verse-long,prose,verse-long → prose,10,0.1,last-token,w_rf,0.16
OLMo-2-1124-13B-DPO,verse-long,prose,verse-long → prose,10,0.1,last-token,wo_rf,0.18
OLMo-2-1124-13B-DPO,verse-long,prose,verse-long → prose,10,0.1,mean,w_rf,0.26
OLMo-2-1124-13B-DPO,verse-long,prose,verse-long → prose,10,0.1,mean,wo_rf,0.38
OLMo-2-1124-13B-DPO,verse-long,prose,verse-long → prose,10,0.1,positional,w_rf,0.64
OLMo-2-1124-13B-DPO,verse-long,prose,verse-long → prose,10,0.1,positional,wo_rf,0.66
OLMo-2-1124-13B-DPO,verse-long,prose,verse-long → prose,10,0.5,last-token,w_rf,0.0
OLMo-2-1124-13B-DPO,verse-long,prose,verse-long → prose,10,0.5,last-token,wo_rf,0.04
OLMo-2-1124-13B-DPO,verse-long,prose,verse-long → prose,10,0.5,mean,w_rf,0.0
OLMo-2-1124-13B-DPO,verse-long,prose,verse-long → prose,10,0.5,mean,wo_rf,0.06
OLMo-2-1124-13B-DPO,verse-long,prose,verse-long → prose,10,0.5,positional,w_rf,0.06
OLMo-2-1124-13B-DPO,verse-long,prose,verse-long → prose,10,0.5,positional,wo_rf,0.38
OLMo-2-1124-13B-DPO,verse-long,prose,verse-long → prose,10,1.0,last-token,w_rf,0.0
OLMo-2-1124-13B-DPO,verse-long,prose,verse-long → prose,10,1.0,last-token,wo_rf,0.0
OLMo-2-1124-13B-DPO,verse-long,prose,verse-long → prose,10,1.0,mean,w_rf,0.0
OLMo-2-1124-13B-DPO,verse-long,prose,verse-long → prose,10,1.0,mean,wo_rf,0.34
OLMo-2-1124-13B-DPO,verse-long,prose,verse-long → prose,10,1.0,positional,w_rf,0.0
OLMo-2-1124-13B-DPO,verse-long,prose,verse-long → prose,10,1.0,positional,wo_rf,0.44
Qwen1.5-14B-Chat,harmful-long,harmless,harmful-long → harmless,1,0.01,last-token,w_rf,0.02
Qwen1.5-14B-Chat,harmful-long,harmless,harmful-long → harmless,1,0.01,last-token,wo_rf,0.02
Qwen1.5-14B-Chat,harmful-long,harmless,harmful-long → harmless,1,0.01,mean,w_rf,0.02
Qwen1.5-14B-Chat,harmful-long,harmless,harmful-long → harmless,1,0.01,mean,wo_rf,0.02
Qwen1.5-14B-Chat,harmful-long,harmless,harmful-long → harmless,1,0.01,positional,w_rf,0.02
Qwen1.5-14B-Chat,harmful-long,harmless,harmful-long → harmless,1,0.01,positional,wo_rf,0.02
Qwen1.5-14B-Chat,harmful-long,harmless,harmful-long → harmless,1,0.03,last-token,w_rf,0.02
Qwen1.5-14B-Chat,harmful-long,harmless,harmful-long → harmless,1,0.03,last-token,wo_rf,0.02
Qwen1.5-14B-Chat,harmful-long,harmless,harmful-long → harmless,1,0.03,mean,w_rf,0.0
Qwen1.5-14B-Chat,harmful-long,harmless,harmful-long → harmless,1,0.03,mean,wo_rf,0.02
Qwen1.5-14B-Chat,harmful-long,harmless,harmful-long → harmless,1,0.03,positional,w_rf,0.02
Qwen1.5-14B-Chat,harmful-long,harmless,harmful-long → harmless,1,0.03,positional,wo_rf,0.02
Qwen1.5-14B-Chat,harmful-long,harmless,harmful-long → harmless,1,0.05,last-token,w_rf,0.02
Qwen1.5-14B-Chat,harmful-long,harmless,harmful-long → harmless,1,0.05,last-token,wo_rf,0.02
Qwen1.5-14B-Chat,harmful-long,harmless,harmful-long → harmless,1,0.05,mean,w_rf,0.0
Qwen1.5-14B-Chat,harmful-long,harmless,harmful-long → harmless,1,0.05,mean,wo_rf,0.02
Qwen1.5-14B-Chat,harmful-long,harmless,harmful-long → harmless,1,0.05,positional,w_rf,0.02
Qwen1.5-14B-Chat,harmful-long,harmless,harmful-long → harmless,1,0.05,positional,wo_rf,0.02
Qwen1.5-14B-Chat,harmful-long,harmless,harmful-long → harmless,1,0.08,last-token,w_rf,0.02
Qwen1.5-14B-Chat,harmful-long,harmless,harmful-long → harmless,1,0.08,last-token,wo_rf,0.02
Qwen1.5-14B-Chat,harmful-long,harmless,harmful-long → harmless,1,0.08,mean,w_rf,0.0
Qwen1.5-14B-Chat,harmful-long,harmless,harmful-long → harmless,1,0.08,mean,wo_rf,0.02
Qwen1.5-14B-Chat,harmful-long,harmless,harmful-long → harmless,1,0.08,positional,w_rf,0.02
Qwen1.5-14B-Chat,harmful-long,harmless,harmful-long → harmless,1,0.08,positional,wo_rf,0.02
Qwen1.5-14B-Chat,harmful-long,harmless,harmful-long → harmless,1,0.1,last-token,w_rf,0.04
Qwen1.5-14B-Chat,harmful-long,harmless,harmful-long → harmless,1,0.1,last-token,wo_rf,0.04
Qwen1.5-14B-Chat,harmful-long,harmless,harmful-long → harmless,1,0.1,mean,w_rf,0.02
Qwen1.5-14B-Chat,harmful-long,harmless,harmful-long → harmless,1,0.1,mean,wo_rf,0.04
Qwen1.5-14B-Chat,harmful-long,harmless,harmful-long → harmless,1,0.1,positional,w_rf,0.0
Qwen1.5-14B-Chat,harmful-long,harmless,harmful-long → harmless,1,0.1,positional,wo_rf,0.02
Qwen1.5-14B-Chat,harmful-long,harmless,harmful-long → harmless,1,0.5,last-token,w_rf,0.0
Qwen1.5-14B-Chat,harmful-long,harmless,harmful-long → harmless,1,0.5,last-token,wo_rf,0.0
Qwen1.5-14B-Chat,harmful-long,harmless,harmful-long → harmless,1,0.5,mean,w_rf,0.0
Qwen1.5-14B-Chat,harmful-long,harmless,harmful-long → harmless,1,0.5,mean,wo_rf,0.5
Qwen1.5-14B-Chat,harmful-long,harmless,harmful-long → harmless,1,0.5,positional,w_rf,0.0
Qwen1.5-14B-Chat,harmful-long,harmless,harmful-long → harmless,1,0.5,positional,wo_rf,0.08
Qwen1.5-14B-Chat,harmful-long,harmless,harmful-long → harmless,1,1.0,last-token,w_rf,0.0
Qwen1.5-14B-Chat,harmful-long,harmless,harmful-long → harmless,1,1.0,last-token,wo_rf,0.8
Qwen1.5-14B-Chat,harmful-long,harmless,harmful-long → harmless,1,1.0,mean,w_rf,0.0
Qwen1.5-14B-Chat,harmful-long,harmless,harmful-long → harmless,1,1.0,mean,wo_rf,0.9
Qwen1.5-14B-Chat,harmful-long,harmless,harmful-long → harmless,1,1.0,positional,w_rf,0.0
Qwen1.5-14B-Chat,harmful-long,harmless,harmful-long → harmless,1,1.0,positional,wo_rf,0.0
Qwen1.5-14B-Chat,harmful-long,harmless,harmful-long → harmless,3,0.01,last-token,w_rf,0.02
Qwen1.5-14B-Chat,harmful-long,harmless,harmful-long → harmless,3,0.01,last-token,wo_rf,0.02
Qwen1.5-14B-Chat,harmful-long,harmless,harmful-long → harmless,3,0.01,mean,w_rf,0.02
Qwen1.5-14B-Chat,harmful-long,harmless,harmful-long → harmless,3,0.01,mean,wo_rf,0.02
Qwen1.5-14B-Chat,harmful-long,harmless,harmful-long → harmless,3,0.01,positional,w_rf,0.0
Qwen1.5-14B-Chat,harmful-long,harmless,harmful-long → harmless,3,0.01,positional,wo_rf,0.02
Qwen1.5-14B-Chat,harmful-long,harmless,harmful-long → harmless,3,0.03,last-token,w_rf,0.04
Qwen1.5-14B-Chat,harmful-long,harmless,harmful-long → harmless,3,0.03,last-token,wo_rf,0.04
Qwen1.5-14B-Chat,harmful-long,harmless,harmful-long → harmless,3,0.03,mean,w_rf,0.02
Qwen1.5-14B-Chat,harmful-long,harmless,harmful-long → harmless,3,0.03,mean,wo_rf,0.04
Qwen1.5-14B-Chat,harmful-long,harmless,harmful-long → harmless,3,0.03,positional,w_rf,0.02
Qwen1.5-14B-Chat,harmful-long,harmless,harmful-long → harmless,3,0.03,positional,wo_rf,0.02
Qwen1.5-14B-Chat,harmful-long,harmless,harmful-long → harmless,3,0.05,last-token,w_rf,0.18
Qwen1.5-14B-Chat,harmful-long,harmless,harmful-long → harmless,3,0.05,last-token,wo_rf,0.2
Qwen1.5-14B-Chat,harmful-long,harmless,harmful-long → harmless,3,0.05,mean,w_rf,0.18
Qwen1.5-14B-Chat,harmful-long,harmless,harmful-long → harmless,3,0.05,mean,wo_rf,0.2
Qwen1.5-14B-Chat,harmful-long,harmless,harmful-long → harmless,3,0.05,positional,w_rf,0.04
Qwen1.5-14B-Chat,harmful-long,harmless,harmful-long → harmless,3,0.05,positional,wo_rf,0.06
Qwen1.5-14B-Chat,harmful-long,harmless,harmful-long → harmless,3,0.08,last-token,w_rf,0.46
Qwen1.5-14B-Chat,harmful-long,harmless,harmful-long → harmless,3,0.08,last-token,wo_rf,0.56
Qwen1.5-14B-Chat,harmful-long,harmless,harmful-long → harmless,3,0.08,mean,w_rf,0.54
Qwen1.5-14B-Chat,harmful-long,harmless,harmful-long → harmless,3,0.08,mean,wo_rf,0.6
Qwen1.5-14B-Chat,harmful-long,harmless,harmful-long → harmless,3,0.08,positional,w_rf,0.3
Qwen1.5-14B-Chat,harmful-long,harmless,harmful-long → harmless,3,0.08,positional,wo_rf,0.32
Qwen1.5-14B-Chat,harmful-long,harmless,harmful-long → harmless,3,0.1,last-token,w_rf,0.76
Qwen1.5-14B-Chat,harmful-long,harmless,harmful-long → harmless,3,0.1,last-token,wo_rf,0.86
Qwen1.5-14B-Chat,harmful-long,harmless,harmful-long → harmless,3,0.1,mean,w_rf,0.84
Qwen1.5-14B-Chat,harmful-long,harmless,harmful-long → harmless,3,0.1,mean,wo_rf,0.94
Qwen1.5-14B-Chat,harmful-long,harmless,harmful-long → harmless,3,0.1,positional,w_rf,0.52
Qwen1.5-14B-Chat,harmful-long,harmless,harmful-long → harmless,3,0.1,positional,wo_rf,0.56
Qwen1.5-14B-Chat,harmful-long,harmless,harmful-long → harmless,3,0.5,last-token,w_rf,0.0
Qwen1.5-14B-Chat,harmful-long,harmless,harmful-long → harmless,3,0.5,last-token,wo_rf,0.8
Qwen1.5-14B-Chat,harmful-long,harmless,harmful-long → harmless,3,0.5,mean,w_rf,0.0
Qwen1.5-14B-Chat,harmful-long,harmless,harmful-long → harmless,3,0.5,mean,wo_rf,0.54
Qwen1.5-14B-Chat,harmful-long,harmless,harmful-long → harmless,3,0.5,positional,w_rf,0.0
Qwen1.5-14B-Chat,harmful-long,harmless,harmful-long → harmless,3,0.5,positional,wo_rf,0.0
Qwen1.5-14B-Chat,harmful-long,harmless,harmful-long → harmless,3,1.0,last-token,w_rf,0.0
Qwen1.5-14B-Chat,harmful-long,harmless,harmful-long → harmless,3,1.0,last-token,wo_rf,0.48
Qwen1.5-14B-Chat,harmful-long,harmless,harmful-long → harmless,3,1.0,mean,w_rf,0.0
Qwen1.5-14B-Chat,harmful-long,harmless,harmful-long → harmless,3,1.0,mean,wo_rf,0.68
Qwen1.5-14B-Chat,harmful-long,harmless,harmful-long → harmless,3,1.0,positional,w_rf,0.0
Qwen1.5-14B-Chat,harmful-long,harmless,harmful-long → harmless,3,1.0,positional,wo_rf,0.0
Qwen1.5-14B-Chat,harmful-long,harmless,harmful-long → harmless,5,0.01,last-token,w_rf,0.0
Qwen1.5-14B-Chat,harmful-long,harmless,harmful-long → harmless,5,0.01,last-token,wo_rf,0.02
Qwen1.5-14B-Chat,harmful-long,harmless,harmful-long → harmless,5,0.01,mean,w_rf,0.0
Qwen1.5-14B-Chat,harmful-long,harmless,harmful-long → harmless,5,0.01,mean,wo_rf,0.02
Qwen1.5-14B-Chat,harmful-long,harmless,harmful-long → harmless,5,0.01,positional,w_rf,0.0
Qwen1.5-14B-Chat,harmful-long,harmless,harmful-long → harmless,5,0.01,positional,wo_rf,0.02
Qwen1.5-14B-Chat,harmful-long,harmless,harmful-long → harmless,5,0.03,last-token,w_rf,0.2
Qwen1.5-14B-Chat,harmful-long,harmless,harmful-long → harmless,5,0.03,last-token,wo_rf,0.22
Qwen1.5-14B-Chat,harmful-long,harmless,harmful-long → harmless,5,0.03,mean,w_rf,0.18
Qwen1.5-14B-Chat,harmful-long,harmless,harmful-long → harmless,5,0.03,mean,wo_rf,0.2
Qwen1.5-14B-Chat,harmful-long,harmless,harmful-long → harmless,5,0.03,positional,w_rf,0.08
Qwen1.5-14B-Chat,harmful-long,harmless,harmful-long → harmless,5,0.03,positional,wo_rf,0.1
Qwen1.5-14B-Chat,harmful-long,harmless,harmful-long → harmless,5,0.05,last-token,w_rf,0.58
Qwen1.5-14B-Chat,harmful-long,harmless,harmful-long → harmless,5,0.05,last-token,wo_rf,0.74
Qwen1.5-14B-Chat,harmful-long,harmless,harmful-long → harmless,5,0.05,mean,w_rf,0.54
Qwen1.5-14B-Chat,harmful-long,harmless,harmful-long → harmless,5,0.05,mean,wo_rf,0.6
Qwen1.5-14B-Chat,harmful-long,harmless,harmful-long → harmless,5,0.05,positional,w_rf,0.32
Qwen1.5-14B-Chat,harmful-long,harmless,harmful-long → harmless,5,0.05,positional,wo_rf,0.34
Qwen1.5-14B-Chat,harmful-long,harmless,harmful-long → harmless,5,0.08,last-token,w_rf,0.78
Qwen1.5-14B-Chat,harmful-long,harmless,harmful-long → harmless,5,0.08,last-token,wo_rf,1.0
Qwen1.5-14B-Chat,harmful-long,harmless,harmful-long → harmless,5,0.08,mean,w_rf,0.78
Qwen1.5-14B-Chat,harmful-long,harmless,harmful-long → harmless,5,0.08,mean,wo_rf,1.0
Qwen1.5-14B-Chat,harmful-long,harmless,harmful-long → harmless,5,0.08,positional,w_rf,0.88
Qwen1.5-14B-Chat,harmful-long,harmless,harmful-long → harmless,5,0.08,positional,wo_rf,1.0
Qwen1.5-14B-Chat,harmful-long,harmless,harmful-long → harmless,5,0.1,last-token,w_rf,0.64
Qwen1.5-14B-Chat,harmful-long,harmless,harmful-long → harmless,5,0.1,last-token,wo_rf,1.0
Qwen1.5-14B-Chat,harmful-long,harmless,harmful-long → harmless,5,0.1,mean,w_rf,0.7
Qwen1.5-14B-Chat,harmful-long,harmless,harmful-long → harmless,5,0.1,mean,wo_rf,1.0
Qwen1.5-14B-Chat,harmful-long,harmless,harmful-long → harmless,5,0.1,positional,w_rf,0.74
Qwen1.5-14B-Chat,harmful-long,harmless,harmful-long → harmless,5,0.1,positional,wo_rf,1.0
Qwen1.5-14B-Chat,harmful-long,harmless,harmful-long → harmless,5,0.5,last-token,w_rf,0.0
Qwen1.5-14B-Chat,harmful-long,harmless,harmful-long → harmless,5,0.5,last-token,wo_rf,0.4
Qwen1.5-14B-Chat,harmful-long,harmless,harmful-long → harmless,5,0.5,mean,w_rf,0.0
Qwen1.5-14B-Chat,harmful-long,harmless,harmful-long → harmless,5,0.5,mean,wo_rf,0.68
Qwen1.5-14B-Chat,harmful-long,harmless,harmful-long → harmless,5,0.5,positional,w_rf,0.0
Qwen1.5-14B-Chat,harmful-long,harmless,harmful-long → harmless,5,0.5,positional,wo_rf,0.0
Qwen1.5-14B-Chat,harmful-long,harmless,harmful-long → harmless,5,1.0,last-token,w_rf,0.0
Qwen1.5-14B-Chat,harmful-long,harmless,harmful-long → harmless,5,1.0,last-token,wo_rf,0.8
Qwen1.5-14B-Chat,harmful-long,harmless,harmful-long → harmless,5,1.0,mean,w_rf,0.0
Qwen1.5-14B-Chat,harmful-long,harmless,harmful-long → harmless,5,1.0,mean,wo_rf,0.64
Qwen1.5-14B-Chat,harmful-long,harmless,harmful-long → harmless,5,1.0,positional,w_rf,0.0
Qwen1.5-14B-Chat,harmful-long,harmless,harmful-long → harmless,5,1.0,positional,wo_rf,0.0
Qwen1.5-14B-Chat,harmful-long,harmless,harmful-long → harmless,8,0.01,last-token,w_rf,0.02
Qwen1.5-14B-Chat,harmful-long,harmless,harmful-long → harmless,8,0.01,last-token,wo_rf,0.02
Qwen1.5-14B-Chat,harmful-long,harmless,harmful-long → harmless,8,0.01,mean,w_rf,0.0
Qwen1.5-14B-Chat,harmful-long,harmless,harmful-long → harmless,8,0.01,mean,wo_rf,0.02
Qwen1.5-14B-Chat,harmful-long,harmless,harmful-long → harmless,8,0.01,positional,w_rf,0.0
Qwen1.5-14B-Chat,harmful-long,harmless,harmful-long → harmless,8,0.01,positional,wo_rf,0.02
Qwen1.5-14B-Chat,harmful-long,harmless,harmful-long → harmless,8,0.03,last-token,w_rf,0.5
Qwen1.5-14B-Chat,harmful-long,harmless,harmful-long → harmless,8,0.03,last-token,wo_rf,0.64
Qwen1.5-14B-Chat,harmful-long,harmless,harmful-long → harmless,8,0.03,mean,w_rf,0.6
Qwen1.5-14B-Chat,harmful-long,harmless,harmful-long → harmless,8,0.03,mean,wo_rf,0.66
Qwen1.5-14B-Chat,harmful-long,harmless,harmful-long → harmless,8,0.03,positional,w_rf,0.38
Qwen1.5-14B-Chat,harmful-long,harmless,harmful-long → harmless,8,0.03,positional,wo_rf,0.4
Qwen1.5-14B-Chat,harmful-long,harmless,harmful-long → harmless,8,0.05,last-token,w_rf,0.74
Qwen1.5-14B-Chat,harmful-long,harmless,harmful-long → harmless,8,0.05,last-token,wo_rf,1.0
Qwen1.5-14B-Chat,harmful-long,harmless,harmful-long → harmless,8,0.05,mean,w_rf,0.8
Qwen1.5-14B-Chat,harmful-long,harmless,harmful-long → harmless,8,0.05,mean,wo_rf,1.0
Qwen1.5-14B-Chat,harmful-long,harmless,harmful-long → harmless,8,0.05,positional,w_rf,0.8
Qwen1.5-14B-Chat,harmful-long,harmless,harmful-long → harmless,8,0.05,positional,wo_rf,1.0
Qwen1.5-14B-Chat,harmful-long,harmless,harmful-long → harmless,8,0.08,last-token,w_rf,0.42
Qwen1.5-14B-Chat,harmful-long,harmless,harmful-long → harmless,8,0.08,last-token,wo_rf,1.0
Qwen1.5-14B-Chat,harmful-long,harmless,harmful-long → harmless,8,0.08,mean,w_rf,0.22
Qwen1.5-14B-Chat,harmful-long,harmless,harmful-long → harmless,8,0.08,mean,wo_rf,1.0
Qwen1.5-14B-Chat,harmful-long,harmless,harmful-long → harmless,8,0.08,positional,w_rf,0.64
Qwen1.5-14B-Chat,harmful-long,harmless,harmful-long → harmless,8,0.08,positional,wo_rf,1.0
Qwen1.5-14B-Chat,harmful-long,harmless,harmful-long → harmless,8,0.1,last-token,w_rf,0.02
Qwen1.5-14B-Chat,harmful-long,harmless,harmful-long → harmless,8,0.1,last-token,wo_rf,1.0
Qwen1.5-14B-Chat,harmful-long,harmless,harmful-long → harmless,8,0.1,mean,w_rf,0.0
Qwen1.5-14B-Chat,harmful-long,harmless,harmful-long → harmless,8,0.1,mean,wo_rf,0.0
Qwen1.5-14B-Chat,harmful-long,harmless,harmful-long → harmless,8,0.1,positional,w_rf,0.0
Qwen1.5-14B-Chat,harmful-long,harmless,harmful-long → harmless,8,0.1,positional,wo_rf,0.72
Qwen1.5-14B-Chat,harmful-long,harmless,harmful-long → harmless,8,0.5,last-token,w_rf,0.0
Qwen1.5-14B-Chat,harmful-long,harmless,harmful-long → harmless,8,0.5,last-token,wo_rf,0.1
Qwen1.5-14B-Chat,harmful-long,harmless,harmful-long → harmless,8,0.5,mean,w_rf,0.0
Qwen1.5-14B-Chat,harmful-long,harmless,harmful-long → harmless,8,0.5,mean,wo_rf,0.2
Qwen1.5-14B-Chat,harmful-long,harmless,harmful-long → harmless,8,0.5,positional,w_rf,0.0
Qwen1.5-14B-Chat,harmful-long,harmless,harmful-long → harmless,8,0.5,positional,wo_rf,0.0
Qwen1.5-14B-Chat,harmful-long,harmless,harmful-long → harmless,8,1.0,last-token,w_rf,0.0
Qwen1.5-14B-Chat,harmful-long,harmless,harmful-long → harmless,8,1.0,last-token,wo_rf,0.84
Qwen1.5-14B-Chat,harmful-long,harmless,harmful-long → harmless,8,1.0,mean,w_rf,0.0
Qwen1.5-14B-Chat,harmful-long,harmless,harmful-long → harmless,8,1.0,mean,wo_rf,0.76
Qwen1.5-14B-Chat,harmful-long,harmless,harmful-long → harmless,8,1.0,positional,w_rf,0.0
Qwen1.5-14B-Chat,harmful-long,harmless,harmful-long → harmless,8,1.0,positional,wo_rf,0.36
Qwen1.5-14B-Chat,harmful-long,harmless,harmful-long → harmless,10,0.01,last-token,w_rf,0.08
Qwen1.5-14B-Chat,harmful-long,harmless,harmful-long → harmless,10,0.01,last-token,wo_rf,0.08
Qwen1.5-14B-Chat,harmful-long,harmless,harmful-long → harmless,10,0.01,mean,w_rf,0.04
Qwen1.5-14B-Chat,harmful-long,harmless,harmful-long → harmless,10,0.01,mean,wo_rf,0.06
Qwen1.5-14B-Chat,harmful-long,harmless,harmful-long → harmless,10,0.01,positional,w_rf,0.02
Qwen1.5-14B-Chat,harmful-long,harmless,harmful-long → harmless,10,0.01,positional,wo_rf,0.02
Qwen1.5-14B-Chat,harmful-long,harmless,harmful-long → harmless,10,0.03,last-token,w_rf,0.82
Qwen1.5-14B-Chat,harmful-long,harmless,harmful-long → harmless,10,0.03,last-token,wo_rf,0.96
Qwen1.5-14B-Chat,harmful-long,harmless,harmful-long → harmless,10,0.03,mean,w_rf,0.82
Qwen1.5-14B-Chat,harmful-long,harmless,harmful-long → harmless,10,0.03,mean,wo_rf,0.98
Qwen1.5-14B-Chat,harmful-long,harmless,harmful-long → harmless,10,0.03,positional,w_rf,0.76
Qwen1.5-14B-Chat,harmful-long,harmless,harmful-long → harmless,10,0.03,positional,wo_rf,0.9
Qwen1.5-14B-Chat,harmful-long,harmless,harmful-long → harmless,10,0.05,last-token,w_rf,0.54
Qwen1.5-14B-Chat,harmful-long,harmless,harmful-long → harmless,10,0.05,last-token,wo_rf,1.0
Qwen1.5-14B-Chat,harmful-long,harmless,harmful-long → harmless,10,0.05,mean,w_rf,0.62
Qwen1.5-14B-Chat,harmful-long,harmless,harmful-long → harmless,10,0.05,mean,wo_rf,1.0
Qwen1.5-14B-Chat,harmful-long,harmless,harmful-long → harmless,10,0.05,positional,w_rf,0.68
Qwen1.5-14B-Chat,harmful-long,harmless,harmful-long → harmless,10,0.05,positional,wo_rf,1.0
Qwen1.5-14B-Chat,harmful-long,harmless,harmful-long → harmless,10,0.08,last-token,w_rf,0.08
Qwen1.5-14B-Chat,harmful-long,harmless,harmful-long → harmless,10,0.08,last-token,wo_rf,1.0
Qwen1.5-14B-Chat,harmful-long,harmless,harmful-long → harmless,10,0.08,mean,w_rf,0.12
Qwen1.5-14B-Chat,harmful-long,harmless,harmful-long → harmless,10,0.08,mean,wo_rf,0.76
Qwen1.5-14B-Chat,harmful-long,harmless,harmful-long → harmless,10,0.08,positional,w_rf,0.02
Qwen1.5-14B-Chat,harmful-long,harmless,harmful-long → harmless,10,0.08,positional,wo_rf,0.42
Qwen1.5-14B-Chat,harmful-long,harmless,harmful-long → harmless,10,0.1,last-token,w_rf,0.0
Qwen1.5-14B-Chat,harmful-long,harmless,harmful-long → harmless,10,0.1,last-token,wo_rf,0.98
Qwen1.5-14B-Chat,harmful-long,harmless,harmful-long → harmless,10,0.1,mean,w_rf,0.12
Qwen1.5-14B-Chat,harmful-long,harmless,harmful-long → harmless,10,0.1,mean,wo_rf,1.0
Qwen1.5-14B-Chat,harmful-long,harmless,harmful-long → harmless,10,0.1,positional,w_rf,0.0
Qwen1.5-14B-Chat,harmful-long,harmless,harmful-long → harmless,10,0.1,positional,wo_rf,0.0
Qwen1.5-14B-Chat,harmful-long,harmless,harmful-long → harmless,10,0.5,last-token,w_rf,0.0
Qwen1.5-14B-Chat,harmful-long,harmless,harmful-long → harmless,10,0.5,last-token,wo_rf,0.36
Qwen1.5-14B-Chat,harmful-long,harmless,harmful-long → harmless,10,0.5,mean,w_rf,0.0
Qwen1.5-14B-Chat,harmful-long,harmless,harmful-long → harmless,10,0.5,mean,wo_rf,0.32
Qwen1.5-14B-Chat,harmful-long,harmless,harmful-long → harmless,10,0.5,positional,w_rf,0.0
Qwen1.5-14B-Chat,harmful-long,harmless,harmful-long → harmless,10,0.5,positional,wo_rf,0.94
Qwen1.5-14B-Chat,harmful-long,harmless,harmful-long → harmless,10,1.0,last-token,w_rf,0.0
Qwen1.5-14B-Chat,harmful-long,harmless,harmful-long → harmless,10,1.0,last-token,wo_rf,0.22
Qwen1.5-14B-Chat,harmful-long,harmless,harmful-long → harmless,10,1.0,mean,w_rf,0.0
Qwen1.5-14B-Chat,harmful-long,harmless,harmful-long → harmless,10,1.0,mean,wo_rf,0.96
Qwen1.5-14B-Chat,harmful-long,harmless,harmful-long → harmless,10,1.0,positional,w_rf,0.0
Qwen1.5-14B-Chat,harmful-long,harmless,harmful-long → harmless,10,1.0,positional,wo_rf,0.9
Qwen1.5-14B-Chat,paragraph-long,sentence,paragraph-long → sentence,1,0.01,last-token,w_rf,0.2
Qwen1.5-14B-Chat,paragraph-long,sentence,paragraph-long → sentence,1,0.01,last-token,wo_rf,0.2
Qwen1.5-14B-Chat,paragraph-long,sentence,paragraph-long → sentence,1,0.01,mean,w_rf,0.08
Qwen1.5-14B-Chat,paragraph-long,sentence,paragraph-long → sentence,1,0.01,mean,wo_rf,0.08
Qwen1.5-14B-Chat,paragraph-long,sentence,paragraph-long → sentence,1,0.01,positional,w_rf,0.1
Qwen1.5-14B-Chat,paragraph-long,sentence,paragraph-long → sentence,1,0.01,positional,wo_rf,0.12
Qwen1.5-14B-Chat,paragraph-long,sentence,paragraph-long → sentence,1,0.03,last-token,w_rf,0.16
Qwen1.5-14B-Chat,paragraph-long,sentence,paragraph-long → sentence,1,0.03,last-token,wo_rf,0.16
Qwen1.5-14B-Chat,paragraph-long,sentence,paragraph-long → sentence,1,0.03,mean,w_rf,0.22
Qwen1.5-14B-Chat,paragraph-long,sentence,paragraph-long → sentence,1,0.03,mean,wo_rf,0.22
Qwen1.5-14B-Chat,paragraph-long,sentence,paragraph-long → sentence,1,0.03,positional,w_rf,0.14
Qwen1.5-14B-Chat,paragraph-long,sentence,paragraph-long → sentence,1,0.03,positional,wo_rf,0.16
Qwen1.5-14B-Chat,paragraph-long,sentence,paragraph-long → sentence,1,0.05,last-token,w_rf,0.14
Qwen1.5-14B-Chat,paragraph-long,sentence,paragraph-long → sentence,1,0.05,last-token,wo_rf,0.16
Qwen1.5-14B-Chat,paragraph-long,sentence,paragraph-long → sentence,1,0.05,mean,w_rf,0.14
Qwen1.5-14B-Chat,paragraph-long,sentence,paragraph-long → sentence,1,0.05,mean,wo_rf,0.14
Qwen1.5-14B-Chat,paragraph-long,sentence,paragraph-long → sentence,1,0.05,positional,w_rf,0.16
Qwen1.5-14B-Chat,paragraph-long,sentence,paragraph-long → sentence,1,0.05,positional,wo_rf,0.18
Qwen1.5-14B-Chat,paragraph-long,sentence,paragraph-long → sentence,1,0.08,last-token,w_rf,0.14
Qwen1.5-14B-Chat,paragraph-long,sentence,paragraph-long → sentence,1,0.08,last-token,wo_rf,0.16
Qwen1.5-14B-Chat,paragraph-long,sentence,paragraph-long → sentence,1,0.08,mean,w_rf,0.2
Qwen1.5-14B-Chat,paragraph-long,sentence,paragraph-long → sentence,1,0.08,mean,wo_rf,0.24
Qwen1.5-14B-Chat,paragraph-long,sentence,paragraph-long → sentence,1,0.08,positional,w_rf,0.16
Qwen1.5-14B-Chat,paragraph-long,sentence,paragraph-long → sentence,1,0.08,positional,wo_rf,0.18
Qwen1.5-14B-Chat,paragraph-long,sentence,paragraph-long → sentence,1,0.1,last-token,w_rf,0.18
Qwen1.5-14B-Chat,paragraph-long,sentence,paragraph-long → sentence,1,0.1,last-token,wo_rf,0.22
Qwen1.5-14B-Chat,paragraph-long,sentence,paragraph-long → sentence,1,0.1,mean,w_rf,0.16
Qwen1.5-14B-Chat,paragraph-long,sentence,paragraph-long → sentence,1,0.1,mean,wo_rf,0.2
Qwen1.5-14B-Chat,paragraph-long,sentence,paragraph-long → sentence,1,0.1,positional,w_rf,0.14
Qwen1.5-14B-Chat,paragraph-long,sentence,paragraph-long → sentence,1,0.1,positional,wo_rf,0.16
Qwen1.5-14B-Chat,paragraph-long,sentence,paragraph-long → sentence,1,0.5,last-token,w_rf,0.0
Qwen1.5-14B-Chat,paragraph-long,sentence,paragraph-long → sentence,1,0.5,last-token,wo_rf,0.0
Qwen1.5-14B-Chat,paragraph-long,sentence,paragraph-long → sentence,1,0.5,mean,w_rf,0.02
Qwen1.5-14B-Chat,paragraph-long,sentence,paragraph-long → sentence,1,0.5,mean,wo_rf,0.02
Qwen1.5-14B-Chat,paragraph-long,sentence,paragraph-long → sentence,1,0.5,positional,w_rf,0.0
Qwen1.5-14B-Chat,paragraph-long,sentence,paragraph-long → sentence,1,0.5,positional,wo_rf,0.0
Qwen1.5-14B-Chat,paragraph-long,sentence,paragraph-long → sentence,1,1.0,last-token,w_rf,0.0
Qwen1.5-14B-Chat,paragraph-long,sentence,paragraph-long → sentence,1,1.0,last-token,wo_rf,0.02
Qwen1.5-14B-Chat,paragraph-long,sentence,paragraph-long → sentence,1,1.0,mean,w_rf,0.0
Qwen1.5-14B-Chat,paragraph-long,sentence,paragraph-long → sentence,1,1.0,mean,wo_rf,0.12
Qwen1.5-14B-Chat,paragraph-long,sentence,paragraph-long → sentence,1,1.0,positional,w_rf,0.0
Qwen1.5-14B-Chat,paragraph-long,sentence,paragraph-long → sentence,1,1.0,positional,wo_rf,0.0
Qwen1.5-14B-Chat,paragraph-long,sentence,paragraph-long → sentence,3,0.01,last-token,w_rf,0.12
Qwen1.5-14B-Chat,paragraph-long,sentence,paragraph-long → sentence,3,0.01,last-token,wo_rf,0.16
Qwen1.5-14B-Chat,paragraph-long,sentence,paragraph-long → sentence,3,0.01,mean,w_rf,0.18
Qwen1.5-14B-Chat,paragraph-long,sentence,paragraph-long → sentence,3,0.01,mean,wo_rf,0.2
Qwen1.5-14B-Chat,paragraph-long,sentence,paragraph-long → sentence,3,0.01,positional,w_rf,0.14
Qwen1.5-14B-Chat,paragraph-long,sentence,paragraph-long → sentence,3,0.01,positional,wo_rf,0.14
Qwen1.5-14B-Chat,paragraph-long,sentence,paragraph-long → sentence,3,0.03,last-token,w_rf,0.04
Qwen1.5-14B-Chat,paragraph-long,sentence,paragraph-long → sentence,3,0.03,last-token,wo_rf,0.04
Qwen1.5-14B-Chat,paragraph-long,sentence,paragraph-long → sentence,3,0.03,mean,w_rf,0.12
Qwen1.5-14B-Chat,paragraph-long,sentence,paragraph-long → sentence,3,0.03,mean,wo_rf,0.12
Qwen1.5-14B-Chat,paragraph-long,sentence,paragraph-long → sentence,3,0.03,positional,w_rf,0.14
Qwen1.5-14B-Chat,paragraph-long,sentence,paragraph-long → sentence,3,0.03,positional,wo_rf,0.16
Qwen1.5-14B-Chat,paragraph-long,sentence,paragraph-long → sentence,3,0.05,last-token,w_rf,0.1
Qwen1.5-14B-Chat,paragraph-long,sentence,paragraph-long → sentence,3,0.05,last-token,wo_rf,0.12
Qwen1.5-14B-Chat,paragraph-long,sentence,paragraph-long → sentence,3,0.05,mean,w_rf,0.12
Qwen1.5-14B-Chat,paragraph-long,sentence,paragraph-long → sentence,3,0.05,mean,wo_rf,0.12
Qwen1.5-14B-Chat,paragraph-long,sentence,paragraph-long → sentence,3,0.05,positional,w_rf,0.18
Qwen1.5-14B-Chat,paragraph-long,sentence,paragraph-long → sentence,3,0.05,positional,wo_rf,0.2
Qwen1.5-14B-Chat,paragraph-long,sentence,paragraph-long → sentence,3,0.08,last-token,w_rf,0.26
Qwen1.5-14B-Chat,paragraph-long,sentence,paragraph-long → sentence,3,0.08,last-token,wo_rf,0.28
Qwen1.5-14B-Chat,paragraph-long,sentence,paragraph-long → sentence,3,0.08,mean,w_rf,0.54
Qwen1.5-14B-Chat,paragraph-long,sentence,paragraph-long → sentence,3,0.08,mean,wo_rf,0.54
Qwen1.5-14B-Chat,paragraph-long,sentence,paragraph-long → sentence,3,0.08,positional,w_rf,0.28
Qwen1.5-14B-Chat,paragraph-long,sentence,paragraph-long → sentence,3,0.08,positional,wo_rf,0.3
Qwen1.5-14B-Chat,paragraph-long,sentence,paragraph-long → sentence,3,0.1,last-token,w_rf,0.3
Qwen1.5-14B-Chat,paragraph-long,sentence,paragraph-long → sentence,3,0.1,last-token,wo_rf,0.3
Qwen1.5-14B-Chat,paragraph-long,sentence,paragraph-long → sentence,3,0.1,mean,w_rf,0.2
Qwen1.5-14B-Chat,paragraph-long,sentence,paragraph-long → sentence,3,0.1,mean,wo_rf,0.22
Qwen1.5-14B-Chat,paragraph-long,sentence,paragraph-long → sentence,3,0.1,positional,w_rf,0.28
Qwen1.5-14B-Chat,paragraph-long,sentence,paragraph-long → sentence,3,0.1,positional,wo_rf,0.32
Qwen1.5-14B-Chat,paragraph-long,sentence,paragraph-long → sentence,3,0.5,last-token,w_rf,0.0
Qwen1.5-14B-Chat,paragraph-long,sentence,paragraph-long → sentence,3,0.5,last-token,wo_rf,0.0
Qwen1.5-14B-Chat,paragraph-long,sentence,paragraph-long → sentence,3,0.5,mean,w_rf,0.0
Qwen1.5-14B-Chat,paragraph-long,sentence,paragraph-long → sentence,3,0.5,mean,wo_rf,0.06
Qwen1.5-14B-Chat,paragraph-long,sentence,paragraph-long → sentence,3,0.5,positional,w_rf,0.0
Qwen1.5-14B-Chat,paragraph-long,sentence,paragraph-long → sentence,3,0.5,positional,wo_rf,0.0
Qwen1.5-14B-Chat,paragraph-long,sentence,paragraph-long → sentence,3,1.0,last-token,w_rf,0.0
Qwen1.5-14B-Chat,paragraph-long,sentence,paragraph-long → sentence,3,1.0,last-token,wo_rf,0.0
Qwen1.5-14B-Chat,paragraph-long,sentence,paragraph-long → sentence,3,1.0,mean,w_rf,0.0
Qwen1.5-14B-Chat,paragraph-long,sentence,paragraph-long → sentence,3,1.0,mean,wo_rf,0.0
Qwen1.5-14B-Chat,paragraph-long,sentence,paragraph-long → sentence,3,1.0,positional,w_rf,0.0
Qwen1.5-14B-Chat,paragraph-long,sentence,paragraph-long → sentence,3,1.0,positional,wo_rf,0.04
Qwen1.5-14B-Chat,paragraph-long,sentence,paragraph-long → sentence,5,0.01,last-token,w_rf,0.18
Qwen1.5-14B-Chat,paragraph-long,sentence,paragraph-long → sentence,5,0.01,last-token,wo_rf,0.2
Qwen1.5-14B-Chat,paragraph-long,sentence,paragraph-long → sentence,5,0.01,mean,w_rf,0.12
Qwen1.5-14B-Chat,paragraph-long,sentence,paragraph-long → sentence,5,0.01,mean,wo_rf,0.12
Qwen1.5-14B-Chat,paragraph-long,sentence,paragraph-long → sentence,5,0.01,positional,w_rf,0.14
Qwen1.5-14B-Chat,paragraph-long,sentence,paragraph-long → sentence,5,0.01,positional,wo_rf,0.14
Qwen1.5-14B-Chat,paragraph-long,sentence,paragraph-long → sentence,5,0.03,last-token,w_rf,0.08
Qwen1.5-14B-Chat,paragraph-long,sentence,paragraph-long → sentence,5,0.03,last-token,wo_rf,0.1
Qwen1.5-14B-Chat,paragraph-long,sentence,paragraph-long → sentence,5,0.03,mean,w_rf,0.04
Qwen1.5-14B-Chat,paragraph-long,sentence,paragraph-long → sentence,5,0.03,mean,wo_rf,0.06
Qwen1.5-14B-Chat,paragraph-long,sentence,paragraph-long → sentence,5,0.03,positional,w_rf,0.06
Qwen1.5-14B-Chat,paragraph-long,sentence,paragraph-long → sentence,5,0.03,positional,wo_rf,0.08
Qwen1.5-14B-Chat,paragraph-long,sentence,paragraph-long → sentence,5,0.05,last-token,w_rf,0.04
Qwen1.5-14B-Chat,paragraph-long,sentence,paragraph-long → sentence,5,0.05,last-token,wo_rf,0.06
Qwen1.5-14B-Chat,paragraph-long,sentence,paragraph-long → sentence,5,0.05,mean,w_rf,0.08
Qwen1.5-14B-Chat,paragraph-long,sentence,paragraph-long → sentence,5,0.05,mean,wo_rf,0.08
Qwen1.5-14B-Chat,paragraph-long,sentence,paragraph-long → sentence,5,0.05,positional,w_rf,0.14
Qwen1.5-14B-Chat,paragraph-long,sentence,paragraph-long → sentence,5,0.05,positional,wo_rf,0.16
Qwen1.5-14B-Chat,paragraph-long,sentence,paragraph-long → sentence,5,0.08,last-token,w_rf,0.02
Qwen1.5-14B-Chat,paragraph-long,sentence,paragraph-long → sentence,5,0.08,last-token,wo_rf,0.02
Qwen1.5-14B-Chat,paragraph-long,sentence,paragraph-long → sentence,5,0.08,mean,w_rf,0.1
Qwen1.5-14B-Chat,paragraph-long,sentence,paragraph-long → sentence,5,0.08,mean,wo_rf,0.16
Qwen1.5-14B-Chat,paragraph-long,sentence,paragraph-long → sentence,5,0.08,positional,w_rf,0.0
Qwen1.5-14B-Chat,paragraph-long,sentence,paragraph-long → sentence,5,0.08,positional,wo_rf,0.0
Qwen1.5-14B-Chat,paragraph-long,sentence,paragraph-long → sentence,5,0.1,last-token,w_rf,0.0
Qwen1.5-14B-Chat,paragraph-long,sentence,paragraph-long → sentence,5,0.1,last-token,wo_rf,0.0
Qwen1.5-14B-Chat,paragraph-long,sentence,paragraph-long → sentence,5,0.1,mean,w_rf,0.0
Qwen1.5-14B-Chat,paragraph-long,sentence,paragraph-long → sentence,5,0.1,mean,wo_rf,0.06
Qwen1.5-14B-Chat,paragraph-long,sentence,paragraph-long → sentence,5,0.1,positional,w_rf,0.0
Qwen1.5-14B-Chat,paragraph-long,sentence,paragraph-long → sentence,5,0.1,positional,wo_rf,0.0
Qwen1.5-14B-Chat,paragraph-long,sentence,paragraph-long → sentence,5,0.5,last-token,w_rf,0.0
Qwen1.5-14B-Chat,paragraph-long,sentence,paragraph-long → sentence,5,0.5,last-token,wo_rf,0.0
Qwen1.5-14B-Chat,paragraph-long,sentence,paragraph-long → sentence,5,0.5,mean,w_rf,0.0
Qwen1.5-14B-Chat,paragraph-long,sentence,paragraph-long → sentence,5,0.5,mean,wo_rf,0.0
Qwen1.5-14B-Chat,paragraph-long,sentence,paragraph-long → sentence,5,0.5,positional,w_rf,0.0
Qwen1.5-14B-Chat,paragraph-long,sentence,paragraph-long → sentence,5,0.5,positional,wo_rf,0.0
Qwen1.5-14B-Chat,paragraph-long,sentence,paragraph-long → sentence,5,1.0,last-token,w_rf,0.0
Qwen1.5-14B-Chat,paragraph-long,sentence,paragraph-long → sentence,5,1.0,last-token,wo_rf,0.0
Qwen1.5-14B-Chat,paragraph-long,sentence,paragraph-long → sentence,5,1.0,mean,w_rf,0.0
Qwen1.5-14B-Chat,paragraph-long,sentence,paragraph-long → sentence,5,1.0,mean,wo_rf,0.0
Qwen1.5-14B-Chat,paragraph-long,sentence,paragraph-long → sentence,5,1.0,positional,w_rf,0.0
Qwen1.5-14B-Chat,paragraph-long,sentence,paragraph-long → sentence,5,1.0,positional,wo_rf,0.14
Qwen1.5-14B-Chat,paragraph-long,sentence,paragraph-long → sentence,8,0.01,last-token,w_rf,0.12
Qwen1.5-14B-Chat,paragraph-long,sentence,paragraph-long → sentence,8,0.01,last-token,wo_rf,0.14
Qwen1.5-14B-Chat,paragraph-long,sentence,paragraph-long → sentence,8,0.01,mean,w_rf,0.12
Qwen1.5-14B-Chat,paragraph-long,sentence,paragraph-long → sentence,8,0.01,mean,wo_rf,0.18
Qwen1.5-14B-Chat,paragraph-long,sentence,paragraph-long → sentence,8,0.01,positional,w_rf,0.12
Qwen1.5-14B-Chat,paragraph-long,sentence,paragraph-long → sentence,8,0.01,positional,wo_rf,0.16
Qwen1.5-14B-Chat,paragraph-long,sentence,paragraph-long → sentence,8,0.03,last-token,w_rf,0.04
Qwen1.5-14B-Chat,paragraph-long,sentence,paragraph-long → sentence,8,0.03,last-token,wo_rf,0.04
Qwen1.5-14B-Chat,paragraph-long,sentence,paragraph-long → sentence,8,0.03,mean,w_rf,0.04
Qwen1.5-14B-Chat,paragraph-long,sentence,paragraph-long → sentence,8,0.03,mean,wo_rf,0.06
Qwen1.5-14B-Chat,paragraph-long,sentence,paragraph-long → sentence,8,0.03,positional,w_rf,0.08
Qwen1.5-14B-Chat,paragraph-long,sentence,paragraph-long → sentence,8,0.03,positional,wo_rf,0.08
Qwen1.5-14B-Chat,paragraph-long,sentence,paragraph-long → sentence,8,0.05,last-token,w_rf,0.08
Qwen1.5-14B-Chat,paragraph-long,sentence,paragraph-long → sentence,8,0.05,last-token,wo_rf,0.12
Qwen1.5-14B-Chat,paragraph-long,sentence,paragraph-long → sentence,8,0.05,mean,w_rf,0.04
Qwen1.5-14B-Chat,paragraph-long,sentence,paragraph-long → sentence,8,0.05,mean,wo_rf,0.04
Qwen1.5-14B-Chat,paragraph-long,sentence,paragraph-long → sentence,8,0.05,positional,w_rf,0.08
Qwen1.5-14B-Chat,paragraph-long,sentence,paragraph-long → sentence,8,0.05,positional,wo_rf,0.08
Qwen1.5-14B-Chat,paragraph-long,sentence,paragraph-long → sentence,8,0.08,last-token,w_rf,0.0
Qwen1.5-14B-Chat,paragraph-long,sentence,paragraph-long → sentence,8,0.08,last-token,wo_rf,0.04
Qwen1.5-14B-Chat,paragraph-long,sentence,paragraph-long → sentence,8,0.08,mean,w_rf,0.1
Qwen1.5-14B-Chat,paragraph-long,sentence,paragraph-long → sentence,8,0.08,mean,wo_rf,0.16
Qwen1.5-14B-Chat,paragraph-long,sentence,paragraph-long → sentence,8,0.08,positional,w_rf,0.0
Qwen1.5-14B-Chat,paragraph-long,sentence,paragraph-long → sentence,8,0.08,positional,wo_rf,0.0
Qwen1.5-14B-Chat,paragraph-long,sentence,paragraph-long → sentence,8,0.1,last-token,w_rf,0.0
Qwen1.5-14B-Chat,paragraph-long,sentence,paragraph-long → sentence,8,0.1,last-token,wo_rf,0.0
Qwen1.5-14B-Chat,paragraph-long,sentence,paragraph-long → sentence,8,0.1,mean,w_rf,0.0
Qwen1.5-14B-Chat,paragraph-long,sentence,paragraph-long → sentence,8,0.1,mean,wo_rf,0.0
Qwen1.5-14B-Chat,paragraph-long,sentence,paragraph-long → sentence,8,0.1,positional,w_rf,0.0
Qwen1.5-14B-Chat,paragraph-long,sentence,paragraph-long → sentence,8,0.1,positional,wo_rf,0.02
Qwen1.5-14B-Chat,paragraph-long,sentence,paragraph-long → sentence,8,0.5,last-token,w_rf,0.0
Qwen1.5-14B-Chat,paragraph-long,sentence,paragraph-long → sentence,8,0.5,last-token,wo_rf,0.0
Qwen1.5-14B-Chat,paragraph-long,sentence,paragraph-long → sentence,8,0.5,mean,w_rf,0.0
Qwen1.5-14B-Chat,paragraph-long,sentence,paragraph-long → sentence,8,0.5,mean,wo_rf,0.0
Qwen1.5-14B-Chat,paragraph-long,sentence,paragraph-long → sentence,8,0.5,positional,w_rf,0.0
Qwen1.5-14B-Chat,paragraph-long,sentence,paragraph-long → sentence,8,0.5,positional,wo_rf,0.0
Qwen1.5-14B-Chat,paragraph-long,sentence,paragraph-long → sentence,8,1.0,last-token,w_rf,0.0
Qwen1.5-14B-Chat,paragraph-long,sentence,paragraph-long → sentence,8,1.0,last-token,wo_rf,0.0
Qwen1.5-14B-Chat,paragraph-long,sentence,paragraph-long → sentence,8,1.0,mean,w_rf,0.0
Qwen1.5-14B-Chat,paragraph-long,sentence,paragraph-long → sentence,8,1.0,mean,wo_rf,1.0
Qwen1.5-14B-Chat,paragraph-long,sentence,paragraph-long → sentence,8,1.0,positional,w_rf,0.0
Qwen1.5-14B-Chat,paragraph-long,sentence,paragraph-long → sentence,8,1.0,positional,wo_rf,0.0
Qwen1.5-14B-Chat,paragraph-long,sentence,paragraph-long → sentence,10,0.01,last-token,w_rf,0.08
Qwen1.5-14B-Chat,paragraph-long,sentence,paragraph-long → sentence,10,0.01,last-token,wo_rf,0.08
Qwen1.5-14B-Chat,paragraph-long,sentence,paragraph-long → sentence,10,0.01,mean,w_rf,0.14
Qwen1.5-14B-Chat,paragraph-long,sentence,paragraph-long → sentence,10,0.01,mean,wo_rf,0.18
Qwen1.5-14B-Chat,paragraph-long,sentence,paragraph-long → sentence,10,0.01,positional,w_rf,0.1
Qwen1.5-14B-Chat,paragraph-long,sentence,paragraph-long → sentence,10,0.01,positional,wo_rf,0.12
Qwen1.5-14B-Chat,paragraph-long,sentence,paragraph-long → sentence,10,0.03,last-token,w_rf,0.04
Qwen1.5-14B-Chat,paragraph-long,sentence,paragraph-long → sentence,10,0.03,last-token,wo_rf,0.04
Qwen1.5-14B-Chat,paragraph-long,sentence,paragraph-long → sentence,10,0.03,mean,w_rf,0.1
Qwen1.5-14B-Chat,paragraph-long,sentence,paragraph-long → sentence,10,0.03,mean,wo_rf,0.1
Qwen1.5-14B-Chat,paragraph-long,sentence,paragraph-long → sentence,10,0.03,positional,w_rf,0.12
Qwen1.5-14B-Chat,paragraph-long,sentence,paragraph-long → sentence,10,0.03,positional,wo_rf,0.14
Qwen1.5-14B-Chat,paragraph-long,sentence,paragraph-long → sentence,10,0.05,last-token,w_rf,0.0
Qwen1.5-14B-Chat,paragraph-long,sentence,paragraph-long → sentence,10,0.05,last-token,wo_rf,0.0
Qwen1.5-14B-Chat,paragraph-long,sentence,paragraph-long → sentence,10,0.05,mean,w_rf,0.0
Qwen1.5-14B-Chat,paragraph-long,sentence,paragraph-long → sentence,10,0.05,mean,wo_rf,0.04
Qwen1.5-14B-Chat,paragraph-long,sentence,paragraph-long → sentence,10,0.05,positional,w_rf,0.0
Qwen1.5-14B-Chat,paragraph-long,sentence,paragraph-long → sentence,10,0.05,positional,wo_rf,0.0
Qwen1.5-14B-Chat,paragraph-long,sentence,paragraph-long → sentence,10,0.08,last-token,w_rf,0.0
Qwen1.5-14B-Chat,paragraph-long,sentence,paragraph-long → sentence,10,0.08,last-token,wo_rf,0.02
Qwen1.5-14B-Chat,paragraph-long,sentence,paragraph-long → sentence,10,0.08,mean,w_rf,0.0
Qwen1.5-14B-Chat,paragraph-long,sentence,paragraph-long → sentence,10,0.08,mean,wo_rf,0.0
Qwen1.5-14B-Chat,paragraph-long,sentence,paragraph-long → sentence,10,0.08,positional,w_rf,0.0
Qwen1.5-14B-Chat,paragraph-long,sentence,paragraph-long → sentence,10,0.08,positional,wo_rf,0.0
Qwen1.5-14B-Chat,paragraph-long,sentence,paragraph-long → sentence,10,0.1,last-token,w_rf,0.0
Qwen1.5-14B-Chat,paragraph-long,sentence,paragraph-long → sentence,10,0.1,last-token,wo_rf,0.02
Qwen1.5-14B-Chat,paragraph-long,sentence,paragraph-long → sentence,10,0.1,mean,w_rf,0.0
Qwen1.5-14B-Chat,paragraph-long,sentence,paragraph-long → sentence,10,0.1,mean,wo_rf,0.04
Qwen1.5-14B-Chat,paragraph-long,sentence,paragraph-long → sentence,10,0.1,positional,w_rf,0.0
Qwen1.5-14B-Chat,paragraph-long,sentence,paragraph-long → sentence,10,0.1,positional,wo_rf,0.02
Qwen1.5-14B-Chat,paragraph-long,sentence,paragraph-long → sentence,10,0.5,last-token,w_rf,0.0
Qwen1.5-14B-Chat,paragraph-long,sentence,paragraph-long → sentence,10,0.5,last-token,wo_rf,0.0
Qwen1.5-14B-Chat,paragraph-long,sentence,paragraph-long → sentence,10,0.5,mean,w_rf,0.0
Qwen1.5-14B-Chat,paragraph-long,sentence,paragraph-long → sentence,10,0.5,mean,wo_rf,0.0
Qwen1.5-14B-Chat,paragraph-long,sentence,paragraph-long → sentence,10,0.5,positional,w_rf,0.0
Qwen1.5-14B-Chat,paragraph-long,sentence,paragraph-long → sentence,10,0.5,positional,wo_rf,0.0
Qwen1.5-14B-Chat,paragraph-long,sentence,paragraph-long → sentence,10,1.0,last-token,w_rf,0.0
Qwen1.5-14B-Chat,paragraph-long,sentence,paragraph-long → sentence,10,1.0,last-token,wo_rf,0.0
Qwen1.5-14B-Chat,paragraph-long,sentence,paragraph-long → sentence,10,1.0,mean,w_rf,0.0
Qwen1.5-14B-Chat,paragraph-long,sentence,paragraph-long → sentence,10,1.0,mean,wo_rf,1.0
Qwen1.5-14B-Chat,paragraph-long,sentence,paragraph-long → sentence,10,1.0,positional,w_rf,0.0
Qwen1.5-14B-Chat,paragraph-long,sentence,paragraph-long → sentence,10,1.0,positional,wo_rf,0.0
Qwen1.5-14B-Chat,sycophancy-long,non-sycophantic,sycophancy-long → non-sycophantic,1,0.01,last-token,w_rf,0.08
Qwen1.5-14B-Chat,sycophancy-long,non-sycophantic,sycophancy-long → non-sycophantic,1,0.01,last-token,wo_rf,0.08
Qwen1.5-14B-Chat,sycophancy-long,non-sycophantic,sycophancy-long → non-sycophantic,1,0.01,mean,w_rf,0.08
Qwen1.5-14B-Chat,sycophancy-long,non-sycophantic,sycophancy-long → non-sycophantic,1,0.01,mean,wo_rf,0.08
Qwen1.5-14B-Chat,sycophancy-long,non-sycophantic,sycophancy-long → non-sycophantic,1,0.01,positional,w_rf,0.06
Qwen1.5-14B-Chat,sycophancy-long,non-sycophantic,sycophancy-long → non-sycophantic,1,0.01,positional,wo_rf,0.06
Qwen1.5-14B-Chat,sycophancy-long,non-sycophantic,sycophancy-long → non-sycophantic,1,0.03,last-token,w_rf,0.0
Qwen1.5-14B-Chat,sycophancy-long,non-sycophantic,sycophancy-long → non-sycophantic,1,0.03,last-token,wo_rf,0.0
Qwen1.5-14B-Chat,sycophancy-long,non-sycophantic,sycophancy-long → non-sycophantic,1,0.03,mean,w_rf,0.0
Qwen1.5-14B-Chat,sycophancy-long,non-sycophantic,sycophancy-long → non-sycophantic,1,0.03,mean,wo_rf,0.0
Qwen1.5-14B-Chat,sycophancy-long,non-sycophantic,sycophancy-long → non-sycophantic,1,0.03,positional,w_rf,0.04
Qwen1.5-14B-Chat,sycophancy-long,non-sycophantic,sycophancy-long → non-sycophantic,1,0.03,positional,wo_rf,0.04
Qwen1.5-14B-Chat,sycophancy-long,non-sycophantic,sycophancy-long → non-sycophantic,1,0.05,last-token,w_rf,0.0
Qwen1.5-14B-Chat,sycophancy-long,non-sycophantic,sycophancy-long → non-sycophantic,1,0.05,last-token,wo_rf,0.0
Qwen1.5-14B-Chat,sycophancy-long,non-sycophantic,sycophancy-long → non-sycophantic,1,0.05,mean,w_rf,0.0
Qwen1.5-14B-Chat,sycophancy-long,non-sycophantic,sycophancy-long → non-sycophantic,1,0.05,mean,wo_rf,0.0
Qwen1.5-14B-Chat,sycophancy-long,non-sycophantic,sycophancy-long → non-sycophantic,1,0.05,positional,w_rf,0.0
Qwen1.5-14B-Chat,sycophancy-long,non-sycophantic,sycophancy-long → non-sycophantic,1,0.05,positional,wo_rf,0.0
Qwen1.5-14B-Chat,sycophancy-long,non-sycophantic,sycophancy-long → non-sycophantic,1,0.08,last-token,w_rf,0.0
Qwen1.5-14B-Chat,sycophancy-long,non-sycophantic,sycophancy-long → non-sycophantic,1,0.08,last-token,wo_rf,0.0
Qwen1.5-14B-Chat,sycophancy-long,non-sycophantic,sycophancy-long → non-sycophantic,1,0.08,mean,w_rf,0.0
Qwen1.5-14B-Chat,sycophancy-long,non-sycophantic,sycophancy-long → non-sycophantic,1,0.08,mean,wo_rf,0.0
Qwen1.5-14B-Chat,sycophancy-long,non-sycophantic,sycophancy-long → non-sycophantic,1,0.08,positional,w_rf,0.02
Qwen1.5-14B-Chat,sycophancy-long,non-sycophantic,sycophancy-long → non-sycophantic,1,0.08,positional,wo_rf,0.02
Qwen1.5-14B-Chat,sycophancy-long,non-sycophantic,sycophancy-long → non-sycophantic,1,0.1,last-token,w_rf,0.0
Qwen1.5-14B-Chat,sycophancy-long,non-sycophantic,sycophancy-long → non-sycophantic,1,0.1,last-token,wo_rf,0.0
Qwen1.5-14B-Chat,sycophancy-long,non-sycophantic,sycophancy-long → non-sycophantic,1,0.1,mean,w_rf,0.02
Qwen1.5-14B-Chat,sycophancy-long,non-sycophantic,sycophancy-long → non-sycophantic,1,0.1,mean,wo_rf,0.02
Qwen1.5-14B-Chat,sycophancy-long,non-sycophantic,sycophancy-long → non-sycophantic,1,0.1,positional,w_rf,0.02
Qwen1.5-14B-Chat,sycophancy-long,non-sycophantic,sycophancy-long → non-sycophantic,1,0.1,positional,wo_rf,0.02
Qwen1.5-14B-Chat,sycophancy-long,non-sycophantic,sycophancy-long → non-sycophantic,1,0.5,last-token,w_rf,0.0
Qwen1.5-14B-Chat,sycophancy-long,non-sycophantic,sycophancy-long → non-sycophantic,1,0.5,last-token,wo_rf,0.0
Qwen1.5-14B-Chat,sycophancy-long,non-sycophantic,sycophancy-long → non-sycophantic,1,0.5,mean,w_rf,0.0
Qwen1.5-14B-Chat,sycophancy-long,non-sycophantic,sycophancy-long → non-sycophantic,1,0.5,mean,wo_rf,0.0
Qwen1.5-14B-Chat,sycophancy-long,non-sycophantic,sycophancy-long → non-sycophantic,1,0.5,positional,w_rf,0.02
Qwen1.5-14B-Chat,sycophancy-long,non-sycophantic,sycophancy-long → non-sycophantic,1,0.5,positional,wo_rf,0.02
Qwen1.5-14B-Chat,sycophancy-long,non-sycophantic,sycophancy-long → non-sycophantic,1,1.0,last-token,w_rf,0.0
Qwen1.5-14B-Chat,sycophancy-long,non-sycophantic,sycophancy-long → non-sycophantic,1,1.0,last-token,wo_rf,0.0
Qwen1.5-14B-Chat,sycophancy-long,non-sycophantic,sycophancy-long → non-sycophantic,1,1.0,mean,w_rf,0.0
Qwen1.5-14B-Chat,sycophancy-long,non-sycophantic,sycophancy-long → non-sycophantic,1,1.0,mean,wo_rf,0.0
Qwen1.5-14B-Chat,sycophancy-long,non-sycophantic,sycophancy-long → non-sycophantic,1,1.0,positional,w_rf,0.0
Qwen1.5-14B-Chat,sycophancy-long,non-sycophantic,sycophancy-long → non-sycophantic,1,1.0,positional,wo_rf,0.0
Qwen1.5-14B-Chat,sycophancy-long,non-sycophantic,sycophancy-long → non-sycophantic,3,0.01,last-token,w_rf,0.0
Qwen1.5-14B-Chat,sycophancy-long,non-sycophantic,sycophancy-long → non-sycophantic,3,0.01,last-token,wo_rf,0.0
Qwen1.5-14B-Chat,sycophancy-long,non-sycophantic,sycophancy-long → non-sycophantic,3,0.01,mean,w_rf,0.0
Qwen1.5-14B-Chat,sycophancy-long,non-sycophantic,sycophancy-long → non-sycophantic,3,0.01,mean,wo_rf,0.0
Qwen1.5-14B-Chat,sycophancy-long,non-sycophantic,sycophancy-long → non-sycophantic,3,0.01,positional,w_rf,0.0
Qwen1.5-14B-Chat,sycophancy-long,non-sycophantic,sycophancy-long → non-sycophantic,3,0.01,positional,wo_rf,0.0
Qwen1.5-14B-Chat,sycophancy-long,non-sycophantic,sycophancy-long → non-sycophantic,3,0.03,last-token,w_rf,0.0
Qwen1.5-14B-Chat,sycophancy-long,non-sycophantic,sycophancy-long → non-sycophantic,3,0.03,last-token,wo_rf,0.0
Qwen1.5-14B-Chat,sycophancy-long,non-sycophantic,sycophancy-long → non-sycophantic,3,0.03,mean,w_rf,0.0
Qwen1.5-14B-Chat,sycophancy-long,non-sycophantic,sycophancy-long → non-sycophantic,3,0.03,mean,wo_rf,0.0
Qwen1.5-14B-Chat,sycophancy-long,non-sycophantic,sycophancy-long → non-sycophantic,3,0.03,positional,w_rf,0.0
Qwen1.5-14B-Chat,sycophancy-long,non-sycophantic,sycophancy-long → non-sycophantic,3,0.03,positional,wo_rf,0.0
Qwen1.5-14B-Chat,sycophancy-long,non-sycophantic,sycophancy-long → non-sycophantic,3,0.05,last-token,w_rf,0.0
Qwen1.5-14B-Chat,sycophancy-long,non-sycophantic,sycophancy-long → non-sycophantic,3,0.05,last-token,wo_rf,0.0
Qwen1.5-14B-Chat,sycophancy-long,non-sycophantic,sycophancy-long → non-sycophantic,3,0.05,mean,w_rf,0.0
Qwen1.5-14B-Chat,sycophancy-long,non-sycophantic,sycophancy-long → non-sycophantic,3,0.05,mean,wo_rf,0.0
Qwen1.5-14B-Chat,sycophancy-long,non-sycophantic,sycophancy-long → non-sycophantic,3,0.05,positional,w_rf,0.08
Qwen1.5-14B-Chat,sycophancy-long,non-sycophantic,sycophancy-long → non-sycophantic,3,0.05,positional,wo_rf,0.08
Qwen1.5-14B-Chat,sycophancy-long,non-sycophantic,sycophancy-long → non-sycophantic,3,0.08,last-token,w_rf,0.02
Qwen1.5-14B-Chat,sycophancy-long,non-sycophantic,sycophancy-long → non-sycophantic,3,0.08,last-token,wo_rf,0.02
Qwen1.5-14B-Chat,sycophancy-long,non-sycophantic,sycophancy-long → non-sycophantic,3,0.08,mean,w_rf,0.14
Qwen1.5-14B-Chat,sycophancy-long,non-sycophantic,sycophancy-long → non-sycophantic,3,0.08,mean,wo_rf,0.14
Qwen1.5-14B-Chat,sycophancy-long,non-sycophantic,sycophancy-long → non-sycophantic,3,0.08,positional,w_rf,0.04
Qwen1.5-14B-Chat,sycophancy-long,non-sycophantic,sycophancy-long → non-sycophantic,3,0.08,positional,wo_rf,0.04
Qwen1.5-14B-Chat,sycophancy-long,non-sycophantic,sycophancy-long → non-sycophantic,3,0.1,last-token,w_rf,0.1
Qwen1.5-14B-Chat,sycophancy-long,non-sycophantic,sycophancy-long → non-sycophantic,3,0.1,last-token,wo_rf,0.1
Qwen1.5-14B-Chat,sycophancy-long,non-sycophantic,sycophancy-long → non-sycophantic,3,0.1,mean,w_rf,0.04
Qwen1.5-14B-Chat,sycophancy-long,non-sycophantic,sycophancy-long → non-sycophantic,3,0.1,mean,wo_rf,0.04
Qwen1.5-14B-Chat,sycophancy-long,non-sycophantic,sycophancy-long → non-sycophantic,3,0.1,positional,w_rf,0.16
Qwen1.5-14B-Chat,sycophancy-long,non-sycophantic,sycophancy-long → non-sycophantic,3,0.1,positional,wo_rf,0.16
Qwen1.5-14B-Chat,sycophancy-long,non-sycophantic,sycophancy-long → non-sycophantic,3,0.5,last-token,w_rf,0.0
Qwen1.5-14B-Chat,sycophancy-long,non-sycophantic,sycophancy-long → non-sycophantic,3,0.5,last-token,wo_rf,0.0
Qwen1.5-14B-Chat,sycophancy-long,non-sycophantic,sycophancy-long → non-sycophantic,3,0.5,mean,w_rf,0.0
Qwen1.5-14B-Chat,sycophancy-long,non-sycophantic,sycophancy-long → non-sycophantic,3,0.5,mean,wo_rf,0.0
Qwen1.5-14B-Chat,sycophancy-long,non-sycophantic,sycophancy-long → non-sycophantic,3,0.5,positional,w_rf,0.0
Qwen1.5-14B-Chat,sycophancy-long,non-sycophantic,sycophancy-long → non-sycophantic,3,0.5,positional,wo_rf,0.0
Qwen1.5-14B-Chat,sycophancy-long,non-sycophantic,sycophancy-long → non-sycophantic,3,1.0,last-token,w_rf,0.0
Qwen1.5-14B-Chat,sycophancy-long,non-sycophantic,sycophancy-long → non-sycophantic,3,1.0,last-token,wo_rf,0.0
Qwen1.5-14B-Chat,sycophancy-long,non-sycophantic,sycophancy-long → non-sycophantic,3,1.0,mean,w_rf,0.0
Qwen1.5-14B-Chat,sycophancy-long,non-sycophantic,sycophancy-long → non-sycophantic,3,1.0,mean,wo_rf,0.0
Qwen1.5-14B-Chat,sycophancy-long,non-sycophantic,sycophancy-long → non-sycophantic,3,1.0,positional,w_rf,0.0
Qwen1.5-14B-Chat,sycophancy-long,non-sycophantic,sycophancy-long → non-sycophantic,3,1.0,positional,wo_rf,0.0
Qwen1.5-14B-Chat,sycophancy-long,non-sycophantic,sycophancy-long → non-sycophantic,5,0.01,last-token,w_rf,0.0
Qwen1.5-14B-Chat,sycophancy-long,non-sycophantic,sycophancy-long → non-sycophantic,5,0.01,last-token,wo_rf,0.0
Qwen1.5-14B-Chat,sycophancy-long,non-sycophantic,sycophancy-long → non-sycophantic,5,0.01,mean,w_rf,0.02
Qwen1.5-14B-Chat,sycophancy-long,non-sycophantic,sycophancy-long → non-sycophantic,5,0.01,mean,wo_rf,0.02
Qwen1.5-14B-Chat,sycophancy-long,non-sycophantic,sycophancy-long → non-sycophantic,5,0.01,positional,w_rf,0.06
Qwen1.5-14B-Chat,sycophancy-long,non-sycophantic,sycophancy-long → non-sycophantic,5,0.01,positional,wo_rf,0.06
Qwen1.5-14B-Chat,sycophancy-long,non-sycophantic,sycophancy-long → non-sycophantic,5,0.03,last-token,w_rf,0.02
Qwen1.5-14B-Chat,sycophancy-long,non-sycophantic,sycophancy-long → non-sycophantic,5,0.03,last-token,wo_rf,0.02
Qwen1.5-14B-Chat,sycophancy-long,non-sycophantic,sycophancy-long → non-sycophantic,5,0.03,mean,w_rf,0.0
Qwen1.5-14B-Chat,sycophancy-long,non-sycophantic,sycophancy-long → non-sycophantic,5,0.03,mean,wo_rf,0.0
Qwen1.5-14B-Chat,sycophancy-long,non-sycophantic,sycophancy-long → non-sycophantic,5,0.03,positional,w_rf,0.04
Qwen1.5-14B-Chat,sycophancy-long,non-sycophantic,sycophancy-long → non-sycophantic,5,0.03,positional,wo_rf,0.04
Qwen1.5-14B-Chat,sycophancy-long,non-sycophantic,sycophancy-long → non-sycophantic,5,0.05,last-token,w_rf,0.02
Qwen1.5-14B-Chat,sycophancy-long,non-sycophantic,sycophancy-long → non-sycophantic,5,0.05,last-token,wo_rf,0.02
Qwen1.5-14B-Chat,sycophancy-long,non-sycophantic,sycophancy-long → non-sycophantic,5,0.05,mean,w_rf,0.1
Qwen1.5-14B-Chat,sycophancy-long,non-sycophantic,sycophancy-long → non-sycophantic,5,0.05,mean,wo_rf,0.1
Qwen1.5-14B-Chat,sycophancy-long,non-sycophantic,sycophancy-long → non-sycophantic,5,0.05,positional,w_rf,0.12
Qwen1.5-14B-Chat,sycophancy-long,non-sycophantic,sycophancy-long → non-sycophantic,5,0.05,positional,wo_rf,0.12
Qwen1.5-14B-Chat,sycophancy-long,non-sycophantic,sycophancy-long → non-sycophantic,5,0.08,last-token,w_rf,0.02
Qwen1.5-14B-Chat,sycophancy-long,non-sycophantic,sycophancy-long → non-sycophantic,5,0.08,last-token,wo_rf,0.02
Qwen1.5-14B-Chat,sycophancy-long,non-sycophantic,sycophancy-long → non-sycophantic,5,0.08,mean,w_rf,0.0
Qwen1.5-14B-Chat,sycophancy-long,non-sycophantic,sycophancy-long → non-sycophantic,5,0.08,mean,wo_rf,0.0
Qwen1.5-14B-Chat,sycophancy-long,non-sycophantic,sycophancy-long → non-sycophantic,5,0.08,positional,w_rf,0.06
Qwen1.5-14B-Chat,sycophancy-long,non-sycophantic,sycophancy-long → non-sycophantic,5,0.08,positional,wo_rf,0.06
Qwen1.5-14B-Chat,sycophancy-long,non-sycophantic,sycophancy-long → non-sycophantic,5,0.1,last-token,w_rf,0.0
Qwen1.5-14B-Chat,sycophancy-long,non-sycophantic,sycophancy-long → non-sycophantic,5,0.1,last-token,wo_rf,0.0
Qwen1.5-14B-Chat,sycophancy-long,non-sycophantic,sycophancy-long → non-sycophantic,5,0.1,mean,w_rf,0.0
Qwen1.5-14B-Chat,sycophancy-long,non-sycophantic,sycophancy-long → non-sycophantic,5,0.1,mean,wo_rf,0.0
Qwen1.5-14B-Chat,sycophancy-long,non-sycophantic,sycophancy-long → non-sycophantic,5,0.1,positional,w_rf,0.0
Qwen1.5-14B-Chat,sycophancy-long,non-sycophantic,sycophancy-long → non-sycophantic,5,0.1,positional,wo_rf,0.0
Qwen1.5-14B-Chat,sycophancy-long,non-sycophantic,sycophancy-long → non-sycophantic,5,0.5,last-token,w_rf,0.0
Qwen1.5-14B-Chat,sycophancy-long,non-sycophantic,sycophancy-long → non-sycophantic,5,0.5,last-token,wo_rf,0.0
Qwen1.5-14B-Chat,sycophancy-long,non-sycophantic,sycophancy-long → non-sycophantic,5,0.5,mean,w_rf,0.0
Qwen1.5-14B-Chat,sycophancy-long,non-sycophantic,sycophancy-long → non-sycophantic,5,0.5,mean,wo_rf,0.0
Qwen1.5-14B-Chat,sycophancy-long,non-sycophantic,sycophancy-long → non-sycophantic,5,0.5,positional,w_rf,0.0
Qwen1.5-14B-Chat,sycophancy-long,non-sycophantic,sycophancy-long → non-sycophantic,5,0.5,positional,wo_rf,0.0
Qwen1.5-14B-Chat,sycophancy-long,non-sycophantic,sycophancy-long → non-sycophantic,5,1.0,last-token,w_rf,0.0
Qwen1.5-14B-Chat,sycophancy-long,non-sycophantic,sycophancy-long → non-sycophantic,5,1.0,last-token,wo_rf,0.0
Qwen1.5-14B-Chat,sycophancy-long,non-sycophantic,sycophancy-long → non-sycophantic,5,1.0,mean,w_rf,0.0
Qwen1.5-14B-Chat,sycophancy-long,non-sycophantic,sycophancy-long → non-sycophantic,5,1.0,mean,wo_rf,0.0
Qwen1.5-14B-Chat,sycophancy-long,non-sycophantic,sycophancy-long → non-sycophantic,5,1.0,positional,w_rf,0.0
Qwen1.5-14B-Chat,sycophancy-long,non-sycophantic,sycophancy-long → non-sycophantic,5,1.0,positional,wo_rf,0.0
Qwen1.5-14B-Chat,sycophancy-long,non-sycophantic,sycophancy-long → non-sycophantic,8,0.01,last-token,w_rf,0.0
Qwen1.5-14B-Chat,sycophancy-long,non-sycophantic,sycophancy-long → non-sycophantic,8,0.01,last-token,wo_rf,0.0
Qwen1.5-14B-Chat,sycophancy-long,non-sycophantic,sycophancy-long → non-sycophantic,8,0.01,mean,w_rf,0.0
Qwen1.5-14B-Chat,sycophancy-long,non-sycophantic,sycophancy-long → non-sycophantic,8,0.01,mean,wo_rf,0.0
Qwen1.5-14B-Chat,sycophancy-long,non-sycophantic,sycophancy-long → non-sycophantic,8,0.01,positional,w_rf,0.0
Qwen1.5-14B-Chat,sycophancy-long,non-sycophantic,sycophancy-long → non-sycophantic,8,0.01,positional,wo_rf,0.0
Qwen1.5-14B-Chat,sycophancy-long,non-sycophantic,sycophancy-long → non-sycophantic,8,0.03,last-token,w_rf,0.02
Qwen1.5-14B-Chat,sycophancy-long,non-sycophantic,sycophancy-long → non-sycophantic,8,0.03,last-token,wo_rf,0.02
Qwen1.5-14B-Chat,sycophancy-long,non-sycophantic,sycophancy-long → non-sycophantic,8,0.03,mean,w_rf,0.1
Qwen1.5-14B-Chat,sycophancy-long,non-sycophantic,sycophancy-long → non-sycophantic,8,0.03,mean,wo_rf,0.1
Qwen1.5-14B-Chat,sycophancy-long,non-sycophantic,sycophancy-long → non-sycophantic,8,0.03,positional,w_rf,0.12
Qwen1.5-14B-Chat,sycophancy-long,non-sycophantic,sycophancy-long → non-sycophantic,8,0.03,positional,wo_rf,0.12
Qwen1.5-14B-Chat,sycophancy-long,non-sycophantic,sycophancy-long → non-sycophantic,8,0.05,last-token,w_rf,0.12
Qwen1.5-14B-Chat,sycophancy-long,non-sycophantic,sycophancy-long → non-sycophantic,8,0.05,last-token,wo_rf,0.12
Qwen1.5-14B-Chat,sycophancy-long,non-sycophantic,sycophancy-long → non-sycophantic,8,0.05,mean,w_rf,0.06
Qwen1.5-14B-Chat,sycophancy-long,non-sycophantic,sycophancy-long → non-sycophantic,8,0.05,mean,wo_rf,0.06
Qwen1.5-14B-Chat,sycophancy-long,non-sycophantic,sycophancy-long → non-sycophantic,8,0.05,positional,w_rf,0.04
Qwen1.5-14B-Chat,sycophancy-long,non-sycophantic,sycophancy-long → non-sycophantic,8,0.05,positional,wo_rf,0.04
Qwen1.5-14B-Chat,sycophancy-long,non-sycophantic,sycophancy-long → non-sycophantic,8,0.08,last-token,w_rf,0.0
Qwen1.5-14B-Chat,sycophancy-long,non-sycophantic,sycophancy-long → non-sycophantic,8,0.08,last-token,wo_rf,0.0
Qwen1.5-14B-Chat,sycophancy-long,non-sycophantic,sycophancy-long → non-sycophantic,8,0.08,mean,w_rf,0.0
Qwen1.5-14B-Chat,sycophancy-long,non-sycophantic,sycophancy-long → non-sycophantic,8,0.08,mean,wo_rf,0.0
Qwen1.5-14B-Chat,sycophancy-long,non-sycophantic,sycophancy-long → non-sycophantic,8,0.08,positional,w_rf,0.0
Qwen1.5-14B-Chat,sycophancy-long,non-sycophantic,sycophancy-long → non-sycophantic,8,0.08,positional,wo_rf,0.0
Qwen1.5-14B-Chat,sycophancy-long,non-sycophantic,sycophancy-long → non-sycophantic,8,0.1,last-token,w_rf,0.0
Qwen1.5-14B-Chat,sycophancy-long,non-sycophantic,sycophancy-long → non-sycophantic,8,0.1,last-token,wo_rf,0.0
Qwen1.5-14B-Chat,sycophancy-long,non-sycophantic,sycophancy-long → non-sycophantic,8,0.1,mean,w_rf,0.0
Qwen1.5-14B-Chat,sycophancy-long,non-sycophantic,sycophancy-long → non-sycophantic,8,0.1,mean,wo_rf,0.0
Qwen1.5-14B-Chat,sycophancy-long,non-sycophantic,sycophancy-long → non-sycophantic,8,0.1,positional,w_rf,0.0
Qwen1.5-14B-Chat,sycophancy-long,non-sycophantic,sycophancy-long → non-sycophantic,8,0.1,positional,wo_rf,0.0
Qwen1.5-14B-Chat,sycophancy-long,non-sycophantic,sycophancy-long → non-sycophantic,8,0.5,last-token,w_rf,0.0
Qwen1.5-14B-Chat,sycophancy-long,non-sycophantic,sycophancy-long → non-sycophantic,8,0.5,last-token,wo_rf,0.0
Qwen1.5-14B-Chat,sycophancy-long,non-sycophantic,sycophancy-long → non-sycophantic,8,0.5,mean,w_rf,0.0
Qwen1.5-14B-Chat,sycophancy-long,non-sycophantic,sycophancy-long → non-sycophantic,8,0.5,mean,wo_rf,0.0
Qwen1.5-14B-Chat,sycophancy-long,non-sycophantic,sycophancy-long → non-sycophantic,8,0.5,positional,w_rf,0.0
Qwen1.5-14B-Chat,sycophancy-long,non-sycophantic,sycophancy-long → non-sycophantic,8,0.5,positional,wo_rf,0.0
Qwen1.5-14B-Chat,sycophancy-long,non-sycophantic,sycophancy-long → non-sycophantic,8,1.0,last-token,w_rf,0.0
Qwen1.5-14B-Chat,sycophancy-long,non-sycophantic,sycophancy-long → non-sycophantic,8,1.0,last-token,wo_rf,0.0
Qwen1.5-14B-Chat,sycophancy-long,non-sycophantic,sycophancy-long → non-sycophantic,8,1.0,mean,w_rf,0.0
Qwen1.5-14B-Chat,sycophancy-long,non-sycophantic,sycophancy-long → non-sycophantic,8,1.0,mean,wo_rf,0.0
Qwen1.5-14B-Chat,sycophancy-long,non-sycophantic,sycophancy-long → non-sycophantic,8,1.0,positional,w_rf,0.0
Qwen1.5-14B-Chat,sycophancy-long,non-sycophantic,sycophancy-long → non-sycophantic,8,1.0,positional,wo_rf,0.0
Qwen1.5-14B-Chat,sycophancy-long,non-sycophantic,sycophancy-long → non-sycophantic,10,0.01,last-token,w_rf,0.0
Qwen1.5-14B-Chat,sycophancy-long,non-sycophantic,sycophancy-long → non-sycophantic,10,0.01,last-token,wo_rf,0.0
Qwen1.5-14B-Chat,sycophancy-long,non-sycophantic,sycophancy-long → non-sycophantic,10,0.01,mean,w_rf,0.0
Qwen1.5-14B-Chat,sycophancy-long,non-sycophantic,sycophancy-long → non-sycophantic,10,0.01,mean,wo_rf,0.0
Qwen1.5-14B-Chat,sycophancy-long,non-sycophantic,sycophancy-long → non-sycophantic,10,0.01,positional,w_rf,0.04
Qwen1.5-14B-Chat,sycophancy-long,non-sycophantic,sycophancy-long → non-sycophantic,10,0.01,positional,wo_rf,0.04
Qwen1.5-14B-Chat,sycophancy-long,non-sycophantic,sycophancy-long → non-sycophantic,10,0.03,last-token,w_rf,0.06
Qwen1.5-14B-Chat,sycophancy-long,non-sycophantic,sycophancy-long → non-sycophantic,10,0.03,last-token,wo_rf,0.06
Qwen1.5-14B-Chat,sycophancy-long,non-sycophantic,sycophancy-long → non-sycophantic,10,0.03,mean,w_rf,0.06
Qwen1.5-14B-Chat,sycophancy-long,non-sycophantic,sycophancy-long → non-sycophantic,10,0.03,mean,wo_rf,0.06
Qwen1.5-14B-Chat,sycophancy-long,non-sycophantic,sycophancy-long → non-sycophantic,10,0.03,positional,w_rf,0.08
Qwen1.5-14B-Chat,sycophancy-long,non-sycophantic,sycophancy-long → non-sycophantic,10,0.03,positional,wo_rf,0.08
Qwen1.5-14B-Chat,sycophancy-long,non-sycophantic,sycophancy-long → non-sycophantic,10,0.05,last-token,w_rf,0.0
Qwen1.5-14B-Chat,sycophancy-long,non-sycophantic,sycophancy-long → non-sycophantic,10,0.05,last-token,wo_rf,0.0
Qwen1.5-14B-Chat,sycophancy-long,non-sycophantic,sycophancy-long → non-sycophantic,10,0.05,mean,w_rf,0.02
Qwen1.5-14B-Chat,sycophancy-long,non-sycophantic,sycophancy-long → non-sycophantic,10,0.05,mean,wo_rf,0.02
Qwen1.5-14B-Chat,sycophancy-long,non-sycophantic,sycophancy-long → non-sycophantic,10,0.05,positional,w_rf,0.1
Qwen1.5-14B-Chat,sycophancy-long,non-sycophantic,sycophancy-long → non-sycophantic,10,0.05,positional,wo_rf,0.1
Qwen1.5-14B-Chat,sycophancy-long,non-sycophantic,sycophancy-long → non-sycophantic,10,0.08,last-token,w_rf,0.0
Qwen1.5-14B-Chat,sycophancy-long,non-sycophantic,sycophancy-long → non-sycophantic,10,0.08,last-token,wo_rf,0.0
Qwen1.5-14B-Chat,sycophancy-long,non-sycophantic,sycophancy-long → non-sycophantic,10,0.08,mean,w_rf,0.0
Qwen1.5-14B-Chat,sycophancy-long,non-sycophantic,sycophancy-long → non-sycophantic,10,0.08,mean,wo_rf,0.0
Qwen1.5-14B-Chat,sycophancy-long,non-sycophantic,sycophancy-long → non-sycophantic,10,0.08,positional,w_rf,0.0
Qwen1.5-14B-Chat,sycophancy-long,non-sycophantic,sycophancy-long → non-sycophantic,10,0.08,positional,wo_rf,0.0
Qwen1.5-14B-Chat,sycophancy-long,non-sycophantic,sycophancy-long → non-sycophantic,10,0.1,last-token,w_rf,0.0
Qwen1.5-14B-Chat,sycophancy-long,non-sycophantic,sycophancy-long → non-sycophantic,10,0.1,last-token,wo_rf,0.0
Qwen1.5-14B-Chat,sycophancy-long,non-sycophantic,sycophancy-long → non-sycophantic,10,0.1,mean,w_rf,0.0
Qwen1.5-14B-Chat,sycophancy-long,non-sycophantic,sycophancy-long → non-sycophantic,10,0.1,mean,wo_rf,0.0
Qwen1.5-14B-Chat,sycophancy-long,non-sycophantic,sycophancy-long → non-sycophantic,10,0.1,positional,w_rf,0.0
Qwen1.5-14B-Chat,sycophancy-long,non-sycophantic,sycophancy-long → non-sycophantic,10,0.1,positional,wo_rf,0.0
Qwen1.5-14B-Chat,sycophancy-long,non-sycophantic,sycophancy-long → non-sycophantic,10,0.5,last-token,w_rf,0.0
Qwen1.5-14B-Chat,sycophancy-long,non-sycophantic,sycophancy-long → non-sycophantic,10,0.5,last-token,wo_rf,0.0
Qwen1.5-14B-Chat,sycophancy-long,non-sycophantic,sycophancy-long → non-sycophantic,10,0.5,mean,w_rf,0.0
Qwen1.5-14B-Chat,sycophancy-long,non-sycophantic,sycophancy-long → non-sycophantic,10,0.5,mean,wo_rf,0.0
Qwen1.5-14B-Chat,sycophancy-long,non-sycophantic,sycophancy-long → non-sycophantic,10,0.5,positional,w_rf,0.0
Qwen1.5-14B-Chat,sycophancy-long,non-sycophantic,sycophancy-long → non-sycophantic,10,0.5,positional,wo_rf,0.0
Qwen1.5-14B-Chat,sycophancy-long,non-sycophantic,sycophancy-long → non-sycophantic,10,1.0,last-token,w_rf,0.0
Qwen1.5-14B-Chat,sycophancy-long,non-sycophantic,sycophancy-long → non-sycophantic,10,1.0,last-token,wo_rf,0.0
Qwen1.5-14B-Chat,sycophancy-long,non-sycophantic,sycophancy-long → non-sycophantic,10,1.0,mean,w_rf,0.0
Qwen1.5-14B-Chat,sycophancy-long,non-sycophantic,sycophancy-long → non-sycophantic,10,1.0,mean,wo_rf,0.0
Qwen1.5-14B-Chat,sycophancy-long,non-sycophantic,sycophancy-long → non-sycophantic,10,1.0,positional,w_rf,0.0
Qwen1.5-14B-Chat,sycophancy-long,non-sycophantic,sycophancy-long → non-sycophantic,10,1.0,positional,wo_rf,0.0
Qwen1.5-14B-Chat,verse-long,prose,verse-long → prose,1,0.01,last-token,w_rf,0.0
Qwen1.5-14B-Chat,verse-long,prose,verse-long → prose,1,0.01,last-token,wo_rf,0.0
Qwen1.5-14B-Chat,verse-long,prose,verse-long → prose,1,0.01,mean,w_rf,0.0
Qwen1.5-14B-Chat,verse-long,prose,verse-long → prose,1,0.01,mean,wo_rf,0.0
Qwen1.5-14B-Chat,verse-long,prose,verse-long → prose,1,0.01,positional,w_rf,0.0
Qwen1.5-14B-Chat,verse-long,prose,verse-long → prose,1,0.01,positional,wo_rf,0.0
Qwen1.5-14B-Chat,verse-long,prose,verse-long → prose,1,0.03,last-token,w_rf,0.0
Qwen1.5-14B-Chat,verse-long,prose,verse-long → prose,1,0.03,last-token,wo_rf,0.0
Qwen1.5-14B-Chat,verse-long,prose,verse-long → prose,1,0.03,mean,w_rf,0.0
Qwen1.5-14B-Chat,verse-long,prose,verse-long → prose,1,0.03,mean,wo_rf,0.0
Qwen1.5-14B-Chat,verse-long,prose,verse-long → prose,1,0.03,positional,w_rf,0.0
Qwen1.5-14B-Chat,verse-long,prose,verse-long → prose,1,0.03,positional,wo_rf,0.0
Qwen1.5-14B-Chat,verse-long,prose,verse-long → prose,1,0.05,last-token,w_rf,0.0
Qwen1.5-14B-Chat,verse-long,prose,verse-long → prose,1,0.05,last-token,wo_rf,0.0
Qwen1.5-14B-Chat,verse-long,prose,verse-long → prose,1,0.05,mean,w_rf,0.0
Qwen1.5-14B-Chat,verse-long,prose,verse-long → prose,1,0.05,mean,wo_rf,0.0
Qwen1.5-14B-Chat,verse-long,prose,verse-long → prose,1,0.05,positional,w_rf,0.0
Qwen1.5-14B-Chat,verse-long,prose,verse-long → prose,1,0.05,positional,wo_rf,0.0
Qwen1.5-14B-Chat,verse-long,prose,verse-long → prose,1,0.08,last-token,w_rf,0.0
Qwen1.5-14B-Chat,verse-long,prose,verse-long → prose,1,0.08,last-token,wo_rf,0.0
Qwen1.5-14B-Chat,verse-long,prose,verse-long → prose,1,0.08,mean,w_rf,0.02
Qwen1.5-14B-Chat,verse-long,prose,verse-long → prose,1,0.08,mean,wo_rf,0.02
Qwen1.5-14B-Chat,verse-long,prose,verse-long → prose,1,0.08,positional,w_rf,0.0
Qwen1.5-14B-Chat,verse-long,prose,verse-long → prose,1,0.08,positional,wo_rf,0.0
Qwen1.5-14B-Chat,verse-long,prose,verse-long → prose,1,0.1,last-token,w_rf,0.0
Qwen1.5-14B-Chat,verse-long,prose,verse-long → prose,1,0.1,last-token,wo_rf,0.0
Qwen1.5-14B-Chat,verse-long,prose,verse-long → prose,1,0.1,mean,w_rf,0.0
Qwen1.5-14B-Chat,verse-long,prose,verse-long → prose,1,0.1,mean,wo_rf,0.0
Qwen1.5-14B-Chat,verse-long,prose,verse-long → prose,1,0.1,positional,w_rf,0.0
Qwen1.5-14B-Chat,verse-long,prose,verse-long → prose,1,0.1,positional,wo_rf,0.0
Qwen1.5-14B-Chat,verse-long,prose,verse-long → prose,1,0.5,last-token,w_rf,0.0
Qwen1.5-14B-Chat,verse-long,prose,verse-long → prose,1,0.5,last-token,wo_rf,0.06
Qwen1.5-14B-Chat,verse-long,prose,verse-long → prose,1,0.5,mean,w_rf,0.02
Qwen1.5-14B-Chat,verse-long,prose,verse-long → prose,1,0.5,mean,wo_rf,0.96
Qwen1.5-14B-Chat,verse-long,prose,verse-long → prose,1,0.5,positional,w_rf,0.26
Qwen1.5-14B-Chat,verse-long,prose,verse-long → prose,1,0.5,positional,wo_rf,0.72
Qwen1.5-14B-Chat,verse-long,prose,verse-long → prose,1,1.0,last-token,w_rf,0.0
Qwen1.5-14B-Chat,verse-long,prose,verse-long → prose,1,1.0,last-token,wo_rf,0.0
Qwen1.5-14B-Chat,verse-long,prose,verse-long → prose,1,1.0,mean,w_rf,0.0
Qwen1.5-14B-Chat,verse-long,prose,verse-long → prose,1,1.0,mean,wo_rf,0.32
Qwen1.5-14B-Chat,verse-long,prose,verse-long → prose,1,1.0,positional,w_rf,0.0
Qwen1.5-14B-Chat,verse-long,prose,verse-long → prose,1,1.0,positional,wo_rf,0.0
Qwen1.5-14B-Chat,verse-long,prose,verse-long → prose,3,0.01,last-token,w_rf,0.0
Qwen1.5-14B-Chat,verse-long,prose,verse-long → prose,3,0.01,last-token,wo_rf,0.0
Qwen1.5-14B-Chat,verse-long,prose,verse-long → prose,3,0.01,mean,w_rf,0.0
Qwen1.5-14B-Chat,verse-long,prose,verse-long → prose,3,0.01,mean,wo_rf,0.0
Qwen1.5-14B-Chat,verse-long,prose,verse-long → prose,3,0.01,positional,w_rf,0.0
Qwen1.5-14B-Chat,verse-long,prose,verse-long → prose,3,0.01,positional,wo_rf,0.0
Qwen1.5-14B-Chat,verse-long,prose,verse-long → prose,3,0.03,last-token,w_rf,0.0
Qwen1.5-14B-Chat,verse-long,prose,verse-long → prose,3,0.03,last-token,wo_rf,0.0
Qwen1.5-14B-Chat,verse-long,prose,verse-long → prose,3,0.03,mean,w_rf,0.0
Qwen1.5-14B-Chat,verse-long,prose,verse-long → prose,3,0.03,mean,wo_rf,0.0
Qwen1.5-14B-Chat,verse-long,prose,verse-long → prose,3,0.03,positional,w_rf,0.0
Qwen1.5-14B-Chat,verse-long,prose,verse-long → prose,3,0.03,positional,wo_rf,0.0
Qwen1.5-14B-Chat,verse-long,prose,verse-long → prose,3,0.05,last-token,w_rf,0.0
Qwen1.5-14B-Chat,verse-long,prose,verse-long → prose,3,0.05,last-token,wo_rf,0.0
Qwen1.5-14B-Chat,verse-long,prose,verse-long → prose,3,0.05,mean,w_rf,0.0
Qwen1.5-14B-Chat,verse-long,prose,verse-long → prose,3,0.05,mean,wo_rf,0.0
Qwen1.5-14B-Chat,verse-long,prose,verse-long → prose,3,0.05,positional,w_rf,0.0
Qwen1.5-14B-Chat,verse-long,prose,verse-long → prose,3,0.05,positional,wo_rf,0.0
Qwen1.5-14B-Chat,verse-long,prose,verse-long → prose,3,0.08,last-token,w_rf,0.0
Qwen1.5-14B-Chat,verse-long,prose,verse-long → prose,3,0.08,last-token,wo_rf,0.08
Qwen1.5-14B-Chat,verse-long,prose,verse-long → prose,3,0.08,mean,w_rf,0.0
Qwen1.5-14B-Chat,verse-long,prose,verse-long → prose,3,0.08,mean,wo_rf,0.0
Qwen1.5-14B-Chat,verse-long,prose,verse-long → prose,3,0.08,positional,w_rf,0.68
Qwen1.5-14B-Chat,verse-long,prose,verse-long → prose,3,0.08,positional,wo_rf,0.86
Qwen1.5-14B-Chat,verse-long,prose,verse-long → prose,3,0.1,last-token,w_rf,0.0
Qwen1.5-14B-Chat,verse-long,prose,verse-long → prose,3,0.1,last-token,wo_rf,0.0
Qwen1.5-14B-Chat,verse-long,prose,verse-long → prose,3,0.1,mean,w_rf,0.0
Qwen1.5-14B-Chat,verse-long,prose,verse-long → prose,3,0.1,mean,wo_rf,0.0
Qwen1.5-14B-Chat,verse-long,prose,verse-long → prose,3,0.1,positional,w_rf,0.04
Qwen1.5-14B-Chat,verse-long,prose,verse-long → prose,3,0.1,positional,wo_rf,0.24
Qwen1.5-14B-Chat,verse-long,prose,verse-long → prose,3,0.5,last-token,w_rf,0.0
Qwen1.5-14B-Chat,verse-long,prose,verse-long → prose,3,0.5,last-token,wo_rf,0.16
Qwen1.5-14B-Chat,verse-long,prose,verse-long → prose,3,0.5,mean,w_rf,0.0
Qwen1.5-14B-Chat,verse-long,prose,verse-long → prose,3,0.5,mean,wo_rf,0.02
Qwen1.5-14B-Chat,verse-long,prose,verse-long → prose,3,0.5,positional,w_rf,0.0
Qwen1.5-14B-Chat,verse-long,prose,verse-long → prose,3,0.5,positional,wo_rf,0.02
Qwen1.5-14B-Chat,verse-long,prose,verse-long → prose,3,1.0,last-token,w_rf,0.0
Qwen1.5-14B-Chat,verse-long,prose,verse-long → prose,3,1.0,last-token,wo_rf,0.0
Qwen1.5-14B-Chat,verse-long,prose,verse-long → prose,3,1.0,mean,w_rf,0.0
Qwen1.5-14B-Chat,verse-long,prose,verse-long → prose,3,1.0,mean,wo_rf,0.42
Qwen1.5-14B-Chat,verse-long,prose,verse-long → prose,3,1.0,positional,w_rf,0.0
Qwen1.5-14B-Chat,verse-long,prose,verse-long → prose,3,1.0,positional,wo_rf,0.14
Qwen1.5-14B-Chat,verse-long,prose,verse-long → prose,5,0.01,last-token,w_rf,0.0
Qwen1.5-14B-Chat,verse-long,prose,verse-long → prose,5,0.01,last-token,wo_rf,0.0
Qwen1.5-14B-Chat,verse-long,prose,verse-long → prose,5,0.01,mean,w_rf,0.0
Qwen1.5-14B-Chat,verse-long,prose,verse-long → prose,5,0.01,mean,wo_rf,0.0
Qwen1.5-14B-Chat,verse-long,prose,verse-long → prose,5,0.01,positional,w_rf,0.0
Qwen1.5-14B-Chat,verse-long,prose,verse-long → prose,5,0.01,positional,wo_rf,0.0
Qwen1.5-14B-Chat,verse-long,prose,verse-long → prose,5,0.03,last-token,w_rf,0.0
Qwen1.5-14B-Chat,verse-long,prose,verse-long → prose,5,0.03,last-token,wo_rf,0.0
Qwen1.5-14B-Chat,verse-long,prose,verse-long → prose,5,0.03,mean,w_rf,0.02
Qwen1.5-14B-Chat,verse-long,prose,verse-long → prose,5,0.03,mean,wo_rf,0.02
Qwen1.5-14B-Chat,verse-long,prose,verse-long → prose,5,0.03,positional,w_rf,0.0
Qwen1.5-14B-Chat,verse-long,prose,verse-long → prose,5,0.03,positional,wo_rf,0.0
Qwen1.5-14B-Chat,verse-long,prose,verse-long → prose,5,0.05,last-token,w_rf,0.0
Qwen1.5-14B-Chat,verse-long,prose,verse-long → prose,5,0.05,last-token,wo_rf,0.0
Qwen1.5-14B-Chat,verse-long,prose,verse-long → prose,5,0.05,mean,w_rf,0.0
Qwen1.5-14B-Chat,verse-long,prose,verse-long → prose,5,0.05,mean,wo_rf,0.0
Qwen1.5-14B-Chat,verse-long,prose,verse-long → prose,5,0.05,positional,w_rf,0.1
Qwen1.5-14B-Chat,verse-long,prose,verse-long → prose,5,0.05,positional,wo_rf,0.48
Qwen1.5-14B-Chat,verse-long,prose,verse-long → prose,5,0.08,last-token,w_rf,0.0
Qwen1.5-14B-Chat,verse-long,prose,verse-long → prose,5,0.08,last-token,wo_rf,0.04
Qwen1.5-14B-Chat,verse-long,prose,verse-long → prose,5,0.08,mean,w_rf,0.0
Qwen1.5-14B-Chat,verse-long,prose,verse-long → prose,5,0.08,mean,wo_rf,0.02
Qwen1.5-14B-Chat,verse-long,prose,verse-long → prose,5,0.08,positional,w_rf,0.0
Qwen1.5-14B-Chat,verse-long,prose,verse-long → prose,5,0.08,positional,wo_rf,0.0
Qwen1.5-14B-Chat,verse-long,prose,verse-long → prose,5,0.1,last-token,w_rf,0.0
Qwen1.5-14B-Chat,verse-long,prose,verse-long → prose,5,0.1,last-token,wo_rf,0.0
Qwen1.5-14B-Chat,verse-long,prose,verse-long → prose,5,0.1,mean,w_rf,0.0
Qwen1.5-14B-Chat,verse-long,prose,verse-long → prose,5,0.1,mean,wo_rf,0.1
Qwen1.5-14B-Chat,verse-long,prose,verse-long → prose,5,0.1,positional,w_rf,0.0
Qwen1.5-14B-Chat,verse-long,prose,verse-long → prose,5,0.1,positional,wo_rf,0.0
Qwen1.5-14B-Chat,verse-long,prose,verse-long → prose,5,0.5,last-token,w_rf,0.0
Qwen1.5-14B-Chat,verse-long,prose,verse-long → prose,5,0.5,last-token,wo_rf,0.0
Qwen1.5-14B-Chat,verse-long,prose,verse-long → prose,5,0.5,mean,w_rf,0.0
Qwen1.5-14B-Chat,verse-long,prose,verse-long → prose,5,0.5,mean,wo_rf,0.14
Qwen1.5-14B-Chat,verse-long,prose,verse-long → prose,5,0.5,positional,w_rf,0.0
Qwen1.5-14B-Chat,verse-long,prose,verse-long → prose,5,0.5,positional,wo_rf,0.02
Qwen1.5-14B-Chat,verse-long,prose,verse-long → prose,5,1.0,last-token,w_rf,0.0
Qwen1.5-14B-Chat,verse-long,prose,verse-long → prose,5,1.0,last-token,wo_rf,0.16
Qwen1.5-14B-Chat,verse-long,prose,verse-long → prose,5,1.0,mean,w_rf,0.0
Qwen1.5-14B-Chat,verse-long,prose,verse-long → prose,5,1.0,mean,wo_rf,0.06
Qwen1.5-14B-Chat,verse-long,prose,verse-long → prose,5,1.0,positional,w_rf,0.0
Qwen1.5-14B-Chat,verse-long,prose,verse-long → prose,5,1.0,positional,wo_rf,0.7
Qwen1.5-14B-Chat,verse-long,prose,verse-long → prose,8,0.01,last-token,w_rf,0.0
Qwen1.5-14B-Chat,verse-long,prose,verse-long → prose,8,0.01,last-token,wo_rf,0.0
Qwen1.5-14B-Chat,verse-long,prose,verse-long → prose,8,0.01,mean,w_rf,0.0
Qwen1.5-14B-Chat,verse-long,prose,verse-long → prose,8,0.01,mean,wo_rf,0.0
Qwen1.5-14B-Chat,verse-long,prose,verse-long → prose,8,0.01,positional,w_rf,0.0
Qwen1.5-14B-Chat,verse-long,prose,verse-long → prose,8,0.01,positional,wo_rf,0.0
Qwen1.5-14B-Chat,verse-long,prose,verse-long → prose,8,0.03,last-token,w_rf,0.32
Qwen1.5-14B-Chat,verse-long,prose,verse-long → prose,8,0.03,last-token,wo_rf,0.38
Qwen1.5-14B-Chat,verse-long,prose,verse-long → prose,8,0.03,mean,w_rf,0.24
Qwen1.5-14B-Chat,verse-long,prose,verse-long → prose,8,0.03,mean,wo_rf,0.28
Qwen1.5-14B-Chat,verse-long,prose,verse-long → prose,8,0.03,positional,w_rf,0.3
Qwen1.5-14B-Chat,verse-long,prose,verse-long → prose,8,0.03,positional,wo_rf,0.32
Qwen1.5-14B-Chat,verse-long,prose,verse-long → prose,8,0.05,last-token,w_rf,0.0
Qwen1.5-14B-Chat,verse-long,prose,verse-long → prose,8,0.05,last-token,wo_rf,0.0
Qwen1.5-14B-Chat,verse-long,prose,verse-long → prose,8,0.05,mean,w_rf,0.0
Qwen1.5-14B-Chat,verse-long,prose,verse-long → prose,8,0.05,mean,wo_rf,0.02
Qwen1.5-14B-Chat,verse-long,prose,verse-long → prose,8,0.05,positional,w_rf,0.0
Qwen1.5-14B-Chat,verse-long,prose,verse-long → prose,8,0.05,positional,wo_rf,0.0
Qwen1.5-14B-Chat,verse-long,prose,verse-long → prose,8,0.08,last-token,w_rf,0.0
Qwen1.5-14B-Chat,verse-long,prose,verse-long → prose,8,0.08,last-token,wo_rf,0.06
Qwen1.5-14B-Chat,verse-long,prose,verse-long → prose,8,0.08,mean,w_rf,0.0
Qwen1.5-14B-Chat,verse-long,prose,verse-long → prose,8,0.08,mean,wo_rf,0.18
Qwen1.5-14B-Chat,verse-long,prose,verse-long → prose,8,0.08,positional,w_rf,0.0
Qwen1.5-14B-Chat,verse-long,prose,verse-long → prose,8,0.08,positional,wo_rf,0.0
Qwen1.5-14B-Chat,verse-long,prose,verse-long → prose,8,0.1,last-token,w_rf,0.0
Qwen1.5-14B-Chat,verse-long,prose,verse-long → prose,8,0.1,last-token,wo_rf,0.34
Qwen1.5-14B-Chat,verse-long,prose,verse-long → prose,8,0.1,mean,w_rf,0.0
Qwen1.5-14B-Chat,verse-long,prose,verse-long → prose,8,0.1,mean,wo_rf,0.1
Qwen1.5-14B-Chat,verse-long,prose,verse-long → prose,8,0.1,positional,w_rf,0.0
Qwen1.5-14B-Chat,verse-long,prose,verse-long → prose,8,0.1,positional,wo_rf,0.0
Qwen1.5-14B-Chat,verse-long,prose,verse-long → prose,8,0.5,last-token,w_rf,0.0
Qwen1.5-14B-Chat,verse-long,prose,verse-long → prose,8,0.5,last-token,wo_rf,0.0
Qwen1.5-14B-Chat,verse-long,prose,verse-long → prose,8,0.5,mean,w_rf,0.0
Qwen1.5-14B-Chat,verse-long,prose,verse-long → prose,8,0.5,mean,wo_rf,0.8
Qwen1.5-14B-Chat,verse-long,prose,verse-long → prose,8,0.5,positional,w_rf,0.0
Qwen1.5-14B-Chat,verse-long,prose,verse-long → prose,8,0.5,positional,wo_rf,0.02
Qwen1.5-14B-Chat,verse-long,prose,verse-long → prose,8,1.0,last-token,w_rf,0.0
Qwen1.5-14B-Chat,verse-long,prose,verse-long → prose,8,1.0,last-token,wo_rf,0.46
Qwen1.5-14B-Chat,verse-long,prose,verse-long → prose,8,1.0,mean,w_rf,0.0
Qwen1.5-14B-Chat,verse-long,prose,verse-long → prose,8,1.0,mean,wo_rf,0.1
Qwen1.5-14B-Chat,verse-long,prose,verse-long → prose,8,1.0,positional,w_rf,0.0
Qwen1.5-14B-Chat,verse-long,prose,verse-long → prose,8,1.0,positional,wo_rf,0.0
Qwen1.5-14B-Chat,verse-long,prose,verse-long → prose,10,0.01,last-token,w_rf,0.0
Qwen1.5-14B-Chat,verse-long,prose,verse-long → prose,10,0.01,last-token,wo_rf,0.0
Qwen1.5-14B-Chat,verse-long,prose,verse-long → prose,10,0.01,mean,w_rf,0.0
Qwen1.5-14B-Chat,verse-long,prose,verse-long → prose,10,0.01,mean,wo_rf,0.0
Qwen1.5-14B-Chat,verse-long,prose,verse-long → prose,10,0.01,positional,w_rf,0.0
Qwen1.5-14B-Chat,verse-long,prose,verse-long → prose,10,0.01,positional,wo_rf,0.0
Qwen1.5-14B-Chat,verse-long,prose,verse-long → prose,10,0.03,last-token,w_rf,0.72
Qwen1.5-14B-Chat,verse-long,prose,verse-long → prose,10,0.03,last-token,wo_rf,0.8
Qwen1.5-14B-Chat,verse-long,prose,verse-long → prose,10,0.03,mean,w_rf,0.46
Qwen1.5-14B-Chat,verse-long,prose,verse-long → prose,10,0.03,mean,wo_rf,0.5
Qwen1.5-14B-Chat,verse-long,prose,verse-long → prose,10,0.03,positional,w_rf,0.68
Qwen1.5-14B-Chat,verse-long,prose,verse-long → prose,10,0.03,positional,wo_rf,0.74
Qwen1.5-14B-Chat,verse-long,prose,verse-long → prose,10,0.05,last-token,w_rf,0.0
Qwen1.5-14B-Chat,verse-long,prose,verse-long → prose,10,0.05,last-token,wo_rf,0.02
Qwen1.5-14B-Chat,verse-long,prose,verse-long → prose,10,0.05,mean,w_rf,0.0
Qwen1.5-14B-Chat,verse-long,prose,verse-long → prose,10,0.05,mean,wo_rf,0.24
Qwen1.5-14B-Chat,verse-long,prose,verse-long → prose,10,0.05,positional,w_rf,0.0
Qwen1.5-14B-Chat,verse-long,prose,verse-long → prose,10,0.05,positional,wo_rf,0.0
Qwen1.5-14B-Chat,verse-long,prose,verse-long → prose,10,0.08,last-token,w_rf,0.0
Qwen1.5-14B-Chat,verse-long,prose,verse-long → prose,10,0.08,last-token,wo_rf,0.0
Qwen1.5-14B-Chat,verse-long,prose,verse-long → prose,10,0.08,mean,w_rf,0.0
Qwen1.5-14B-Chat,verse-long,prose,verse-long → prose,10,0.08,mean,wo_rf,0.0
Qwen1.5-14B-Chat,verse-long,prose,verse-long → prose,10,0.08,positional,w_rf,0.0
Qwen1.5-14B-Chat,verse-long,prose,verse-long → prose,10,0.08,positional,wo_rf,0.0
Qwen1.5-14B-Chat,verse-long,prose,verse-long → prose,10,0.1,last-token,w_rf,0.0
Qwen1.5-14B-Chat,verse-long,prose,verse-long → prose,10,0.1,last-token,wo_rf,0.0
Qwen1.5-14B-Chat,verse-long,prose,verse-long → prose,10,0.1,mean,w_rf,0.0
Qwen1.5-14B-Chat,verse-long,prose,verse-long → prose,10,0.1,mean,wo_rf,0.02
Qwen1.5-14B-Chat,verse-long,prose,verse-long → prose,10,0.1,positional,w_rf,0.0
Qwen1.5-14B-Chat,verse-long,prose,verse-long → prose,10,0.1,positional,wo_rf,0.0
Qwen1.5-14B-Chat,verse-long,prose,verse-long → prose,10,0.5,last-token,w_rf,0.0
Qwen1.5-14B-Chat,verse-long,prose,verse-long → prose,10,0.5,last-token,wo_rf,0.0
Qwen1.5-14B-Chat,verse-long,prose,verse-long → prose,10,0.5,mean,w_rf,0.0
Qwen1.5-14B-Chat,verse-long,prose,verse-long → prose,10,0.5,mean,wo_rf,0.6
Qwen1.5-14B-Chat,verse-long,prose,verse-long → prose,10,0.5,positional,w_rf,0.0
Qwen1.5-14B-Chat,verse-long,prose,verse-long → prose,10,0.5,positional,wo_rf,0.0
Qwen1.5-14B-Chat,verse-long,prose,verse-long → prose,10,1.0,last-token,w_rf,0.0
Qwen1.5-14B-Chat,verse-long,prose,verse-long → prose,10,1.0,last-token,wo_rf,0.68
Qwen1.5-14B-Chat,verse-long,prose,verse-long → prose,10,1.0,mean,w_rf,0.0
Qwen1.5-14B-Chat,verse-long,prose,verse-long → prose,10,1.0,mean,wo_rf,0.5
Qwen1.5-14B-Chat,verse-long,prose,verse-long → prose,10,1.0,positional,w_rf,0.0
Qwen1.5-14B-Chat,verse-long,prose,verse-long → prose,10,1.0,positional,wo_rf,0.0
